"","StationCode","SampleID","SampleDate","H_ASCI","D_ASCI","NA","DS_Dur_WS","DS_Mag_50","DS_Mag_90","DS_Tim","FA_Dur","FA_Mag","FA_Tim","Q99","SP_Dur","SP_Mag","SP_ROC","SP_Tim","Wet_BFL_Dur","Wet_BFL_Mag_10","Wet_BFL_Mag_50","Wet_Tim"
"1","312PS0099","312PS0099_06/14/10_2",NA,0.784936724,0.771153675,NA,0,-0.000270833,-0.000360583,0,NA,NA,NA,-0.000333333,0,-0.000395667,3.59e-07,0,0,-5.83e-05,-0.000229333,0
"2","402BA0079","402BA0079_05/28/08_1",NA,0.765032889,0.767392935,NA,-3,0.065831665,-0.008568418,-5,NA,NA,NA,4.326902324,-6,13.622825,7.76e-08,0,0.5,0.289007668,0.094478834,-0.5
"3","402BA0095","402BA0095_05/29/08_1",NA,1.034711242,0.935744404,NA,0,-8.34e-05,-7.08e-05,0,NA,NA,NA,1.92e-09,0,-0.001708667,6.09e-06,0,0,-2.5e-05,0,0
"4","402BA0143","402BA0143_05/21/08_1",NA,0.946687754,0.91990179,NA,-159,-0.005875,-0.114743144,-36,NA,NA,NA,18.70504531,-3,32.0381045,4.35e-08,0,0,-0.04791825,-0.020145834,-3
"5","402BA0287","402BA0287_06/09/08_2",0006-09-08,0.971804075,NA,NA,0,-0.000427084,-0.000660417,0,NA,NA,NA,-0.000431467,0,-0.000646,3.02e-07,0,0,0.0190416,0.011375167,0
"6","402BA0335","402BA0335_05/27/08_2",NA,0.666458476,0.615752098,NA,-97,0.578645665,0.70529733,-5,-5,88.51270352,0,8.250127,-4,25.998,0.00026376,0,0,0.008287483,0.569896167,-3
"7","403BA0015","403BA0015_05/19/08_1",NA,1.182164104,1.115393962,NA,0,-1.65e-08,-3.33e-05,0,NA,NA,NA,-6.88e-05,0,-0.000123331,-1.08e-06,0,0,-3.3e-08,-4.17e-05,0
"8","403BA0027","403BA0027_06/18/14_1",NA,0.945257169,1.02367677,NA,0,-6.25e-05,-0.000114596,-2,NA,NA,NA,-0.000416667,0,-0.0013125,1.92e-06,0,0,0,0,0
"9","403BA0068","403BA0068_05/14/08_1",NA,0.705523667,0.6069514,NA,-11,0.000124999,0.002935417,-9,-1.5,1.545369063,-31.5,1.048971667,-1,0.570166667,-8.42e-06,0,-4,0,-0.722333667,-22
"10","403BA0136","403BA0136_06/17/14_1",NA,0.847510867,0.878007702,NA,0,-0.000427084,-0.000775,0,NA,NA,NA,0,0,0.05479185,-7.16e-06,0,0,0,0.002,-4
"11","403BA0171","403BA0171_05/19/08_1",NA,0.946897081,0.961567892,NA,-1,-0.004666667,-0.006514583,-4,NA,NA,NA,-0.0027501,0,-0.008833,1.84e-07,0,0,0.028098501,0.103833167,0
"12","403BA0960","403BA0960_05/21/08_1",NA,0.997293845,0.950553019,NA,-2,0,0,0,NA,NA,NA,0,-72,0,6.4e-06,0,1,0,0,-1
"13","403S00640","403S00640_06/11/09_2",0006-11-09,0.874679134,0.861876442,NA,-1,-0.0131665,-0.0058835,-1,NA,NA,NA,-0.009166767,-2,-0.04233333,-1.4e-05,0,-3,-0.013833333,0.0299585,-4
"14","403S00831","403S00831_06/10/10_1",0006-10-10,0.775656174,0.885027049,NA,0,0.0278229,0.0079603,-9,NA,NA,NA,-0.000279283,0,-0.000729167,5.52e-08,0,0,0.000562483,-0.000124967,0
"15","403S00875","403S00875_06/24/10_1",NA,1.085009507,1.056282842,NA,0,7.5e-10,1.25e-05,0,NA,NA,NA,0.000154266,0,0.00035167,-1.82e-07,0,0,0,3e-09,0
"16","403S01195","403S01195_06/10/09_1",0006-10-09,0.902504272,0.878650175,NA,0,-0.01548,-0.024716665,0,NA,NA,NA,0.3911124,0,-0.007833,4.94e-07,0,0,-0.005575333,0.03052,0
"17","403S01272","403S01272_06/09/09_1",0006-09-09,0.848795376,0.668706945,NA,10,0.01,-0.51,-11,NA,NA,NA,68.454075,-12,27.70316667,-0.26942602,-15,0,0.03,0.1,-54
"18","403S01536","403S01536_07/12/11_2",0007-12-11,0.831359993,0.915869811,NA,-2,0,0.1,-2,NA,NA,NA,0,27,0,-0.029761905,-29,-25,-0.832,1.5,-4
"19","403S01707","403S01707_06/07/10_1",0006-07-10,0.964201128,0.816379925,NA,0,0.000645834,-0.004837467,0,NA,NA,NA,0.006053833,0,-0.014335835,4.33e-08,0,0,0.007116567,0.029614583,0
"20","403S01728","403S01728_07/13/11_1",NA,0.876075759,0.695762467,NA,-4,0.01,0,-42,NA,NA,NA,0.4165,-43,1.0625,0.045833333,0,41,0,1.6,0
"21","403S01784","403S01784_06/09/09_1",0006-09-09,0.771658585,0.588322529,NA,-4.5,-0.04,-0.33,-64,NA,NA,NA,116.9638817,-88,87.13529167,-0.016001826,0,5.5,0.1,0.1,-8.5
"22","403S01883","403S01883_06/21/10_1",NA,0.865103408,0.933050007,NA,3,0,0,0,NA,NA,NA,0.00688925,0,-0.004292,-9.49e-07,0,0,0.0070251,0.014895834,0
"23","403S02363","403S02363_06/16/11_1",NA,0.665074306,0.750883955,NA,0,-0.011125,-0.022937497,0,NA,NA,NA,0.54131324,0,-0.00837333,-6.11e-08,0,0,-0.0080765,-0.01613,0
"24","403S02764","403S02764_06/14/11_1",NA,0.418621299,0.430992777,NA,-81,0.103604333,0.068474998,0,0.5,3.458721489,0,0.550133125,0,-0.013104167,1.09e-07,0,0.5,0.069400007,0.060249967,-0.5
"25","403S03643","403S03643_06/24/10_2",NA,0.833667305,0.843174876,NA,0,0.003565407,-0.017475334,0,NA,NA,NA,0.373248312,0,-0.00833667,1.66e-07,0,0,0.01115,0.087,0
"26","403S03832","403S03832_06/08/09_1",0006-08-09,0.928875137,0.868480813,NA,-6,0,0.1,-5,NA,NA,NA,0.001958333,-80,0.004333333,-3.31e-05,-1,5,-0.5,0,-6
"27","403S04600","403S04600_06/08/10_1",0006-08-10,0.549373091,0.476071619,NA,24,0.06,0,-39,NA,NA,NA,4.419755,-104,0.1,-0.244751757,0,0,0.03,0.1,-35
"28","403S05291","403S05291_06/07/10_1",0006-07-10,1.243918215,1.154595271,NA,0,-0.011820418,-0.022122917,0,NA,NA,NA,0.33355955,0,-0.007042,6.19e-07,0,0,-0.012049664,0.02900333,0
"29","403S06139","403S06139_06/27/12_1",NA,0.879417424,0.825213449,NA,0,-0.013595,-0.024234749,0,NA,NA,NA,0.512826324,0,-0.00858667,-2.5e-08,0,0,-0.009710333,-0.01927085,0
"30","403S06315","403S06315_06/27/12_1",NA,1.058080902,1.039151702,NA,-1,0.009875001,-0.0047625,-3,NA,NA,NA,-0.011375,0,-0.013398335,-8.43e-07,0,0,0.056800133,0.1001475,0
"31","403S06904","403S06904_06/09/10_1",0006-09-10,0.533277693,0.392390997,NA,-36,0.272166333,0.16840833,0,0,8.872365265,-0.5,0.212543227,-1,-0.011875,-6.87e-07,0,0,0.041397917,-0.806268725,-3
"32","403S07024","403S07024_06/13/12_1",NA,0.77872031,0.759761197,NA,-1,0.119520917,0.030583165,-1,0.5,7.473349629,-4.5,0.553823167,-1,-0.1807475,-3.68e-08,0,0,0.052533334,0.096479167,-1
"33","403S07227","403S07227_06/27/12_1",NA,1.118556896,1.146578059,NA,0,-0.01160625,-0.021950002,0,NA,NA,NA,0.493647,0,-0.00796167,5.06e-07,0,0,-0.007663664,-0.01553833,0
"34","403S11084","403S11084_06/09/10_1",0006-09-10,0.459131123,0.380713419,NA,-23,-0.04,-1.02,-25,NA,NA,NA,145.5726833,-2,76.41495833,0.034924264,0,0,-0.37,0.1,-3
"35","403S14156","403S14156_06/09/09_1",0006-09-09,0.601141583,0.3968276,NA,12,0,-1.5,-35,NA,NA,NA,167.524145,-24,81.8865,0.020930473,0,-12,-0.37,0.1,-63
"36","403S15608","403S15608_06/08/10_1",0006-08-10,0.498182176,0.525990643,NA,6,0.01,-0.51,-105,NA,NA,NA,0.128845833,-90,0.1,-0.143390565,0,0,0.03,0.1,-4
"37","403S16332","403S16332_06/26/13_1",NA,0.994054911,0.899712467,NA,-8,0.221093917,0.270152088,0,0.5,-51.47162714,-30.5,1.60580612,0,-0.35112085,1.81e-07,0,0,0.067374987,-0.416125,0
"38","403S34646","403S34646_06/25/13_1",NA,0.552564138,0.545853315,NA,-43,-0.04,-1.5,-24,NA,NA,NA,150.64977,-1.5,77.123208,0.034009708,0,9.5,-0.37,-0.1,-70
"39","403WE0501","403WE0501_05/14/13_1",NA,1.063817632,1.086274859,NA,0,0,0,0,NA,NA,NA,0,0,0,0,0,0,0,0,0
"40","403WE0540","403WE0540_05/16/13_1",NA,1.037713016,1.000542274,NA,0,-0.003635408,-0.001033322,0,NA,NA,NA,-0.000136667,0,-0.00062333,-2.4e-06,0,0,-0.000500003,-0.00175,0
"41","403WE0683","403WE0683_05/15/13_1",NA,1.275059153,1.203430969,NA,0,0.00046875,8.25e-09,0,NA,NA,NA,-0.0003876,0,-0.000354333,2.21e-07,0,0,0.0021081,0.0011875,0
"42","403WE1027","403WE1027_05/30/13_1",NA,0.61437148,0.732838533,NA,-9,0,0.1,-2,NA,NA,NA,0,-2,0,-0.029761905,0,4,0.2,1.5,-4
"43","404BA0084","404BA0084_06/04/08_1",0006-04-08,0.858151535,0.878306692,NA,-81,0,0.097083333,-53,NA,NA,NA,0.003348333,-59,-0.124045,-0.396942963,-2,-1,-1.067325,0.2,-6
"44","404BA0376","404BA0376_06/05/08_2",0006-05-08,0.75172775,0.794168204,NA,-62,0,0.3233,-53,NA,NA,NA,0.127804167,-58,0.230541667,-0.797812008,-9,4,-0.24505,0.2,-12
"45","404BA0526","404BA0526_06/04/08_1",0006-04-08,1.017313995,0.979719374,NA,-61,0,0.363333334,-53,NA,NA,NA,0.01576,-59,0.210708333,-0.75547407,0,-18,-1.8021625,0.2,-2
"46","404BA0616","404BA0616_06/03/08_1",0006-03-08,0.64591829,0.700027362,NA,-2,0,0.1,-2,NA,NA,NA,0,27,0,-0.029761905,-29,-25,-0.832,1.5,-4
"47","404BA0852","404BA0852_06/03/08_1",0006-03-08,0.685567256,0.68218454,NA,-61,0,0.355841667,-53,NA,NA,NA,0.092072917,-3,0.231041667,-0.623253295,-2,-29,-2.044320833,0.2,-8
"48","404BA0964","404BA0964_06/04/08_1",0006-04-08,1.101138447,1.037665585,NA,-61,0,0.3542875,-53,NA,NA,NA,0.046497917,-56,0.215666667,-0.701408451,-2,-9,-2.0697625,0.2,-4
"49","404BA1144","404BA1144_06/10/08_1",0006-10-08,1.128912965,1.112705053,NA,-62,0.000283334,0.3755125,-53,NA,NA,NA,0.079101667,-57,0.40870833,-0.770003174,-2,-6,-2.069833334,-0.124125,-8
"50","404S00808","404S00808_06/22/10_1",NA,0.669065331,0.5666835,NA,-39,0,0.086429167,-50,NA,NA,NA,26.46414583,-82,18.83879167,-0.284038721,21,50,-2.76,-0.698916667,-77
"51","404S01128","404S01128_06/23/10_1",NA,0.505063358,0.490078746,NA,-111,0,0.211666667,-52,NA,NA,NA,12.34711875,-80,2.28925,-0.627586195,-2,25,-2.045658333,-0.7,-10
"52","404S02920","404S02920_05/12/09_1",0005-12-09,0.659533044,0.553572685,NA,-13,0,0.369,-3,NA,NA,NA,0.99865,-16,-1.921041667,-0.469795425,25.5,36.5,-2.248916967,-0.150666667,-38
"53","404S03048","404S03048_05/13/09_1",NA,0.619699008,0.569962578,NA,-75,0,0.227466667,-1,NA,NA,NA,0.318761667,-57,0.20475,-0.639421732,-1,13,-2.07,0.2,-33
"54","404S06456","404S06456_05/14/09_1",NA,0.816579272,0.788104828,NA,-83,0,0.40325,-53,NA,NA,NA,1.508665,-74,0.382833333,-0.34740626,-2,-6,-0.027,-0.693,-36
"55","404S08040","404S08040_05/12/09_1",0005-12-09,0.766058385,0.657723285,NA,-17.5,0,-0.34,-26,NA,NA,NA,14.5443,-19,3.252083333,-0.254685933,21,33.5,-2.058533333,-0.7,-20.5
"56","404S08616","404S08616_05/13/09_2",NA,0.670970298,0.508440414,NA,18,0.06,-0.4,-93,NA,NA,NA,16.55860167,-55,15.13683333,0.121399896,-45,21,0.03,-0.1,-10
"57","404S08846","404S08846_06/22/10_1",NA,1.02169269,0.860914401,NA,-82,0,0.364341666,-8,NA,NA,NA,1.643105,-60,-3.087458333,-0.276191377,-2,28,-1.9467875,-0.444666667,-33
"58","404S11880","404S11880_06/07/11_2",0006-07-11,0.438417307,0.449692016,NA,-31,0,0.33925002,-14,NA,NA,NA,9.484143332,-60,5.1200083,-0.034058569,-2,33.5,-1.942291667,-1.769375,-13
"59","404S13416","404S13416_06/08/11_1",0006-08-11,0.499978882,0.543604276,NA,-77,0,0.346916667,-71,NA,NA,NA,14.00551667,-26,2.422875,-0.590161061,9,29,-3.030929167,-0.7,-12
"60","404S14952","404S14952_06/15/11_1",NA,0.615161598,0.581735967,NA,-81,0,0.2737125,-66,NA,NA,NA,4.625938333,-21,0.267416667,-0.406060606,-8,24,-1.774375,0.185958333,-38
"61","404S16232","404S16232_06/09/11_1",0006-09-11,0.560599743,0.560906902,NA,-27,0,0.120666667,-8,NA,NA,NA,30.452525,-28,20.41845833,-0.349166449,19,39,-2.7999,-0.571541667,-27
"62","404S16516","404S16516_05/18/09_1",NA,0.623378316,0.538706534,NA,-21,0.048458333,0.369345832,-33,7,15.27580761,-19.5,32.23868333,-31,18.35396,2.44e-06,32,45,0.057279167,0.023645833,-20
"63","404S17266","404S17266_05/19/09_1",NA,0.543068447,0.582339242,NA,-81,0,0.212495834,-43,NA,NA,NA,11.89824167,-21,1.514041667,-0.629456001,-2,0,-2.012625,-0.7,-10
"64","404S17664","404S17664_05/20/09_1",NA,0.835795147,0.718230198,NA,-88,0,0.202191667,-64,NA,NA,NA,3.396354532,-74,0.582125,-0.567470168,-2,26,-0.926533333,-0.58629,-43
"65","404S22464","404S22464_05/19/09_1",NA,0.523561365,0.503025599,NA,-11.5,0,0.354129166,-71,NA,NA,NA,10.24627667,-9,0.514375,-0.450244198,-1,24,-2.7599375,-0.7,-53
"66","404S25668","404S25668_06/23/10_2",NA,0.584606729,0.501848971,NA,-81,0,0.352575,-71,NA,NA,NA,10.15873,-18,0.638791667,-0.458840527,-1,23,-2.028033333,-0.7,-47
"67","404S26868","404S26868_06/26/12_1",NA,0.478045409,0.510693455,NA,-23,0.000441667,0.2430625,-67,NA,NA,NA,9.67999833,-76,1.468541667,-0.590855754,0,27,0.02,-5.3548125,-56
"68","404S28068","404S28068_06/20/12_1",NA,0.39740922,0.379455016,NA,-81,0,0.201791667,-61,NA,NA,NA,4.120416667,-19,0.269875,-0.397758412,-8,28,-1.181641667,-0.154083334,-43
"69","404S28270","404S28270_06/18/12_1",NA,0.57206026,0.585428661,NA,-59.5,0.011510417,0.008220833,-4,7,14.05266001,-19,26.82958879,-34.5,2.95608333,6e-06,35.5,76.5,0,0.000627083,-30.5
"70","404S32468","404S32468_06/26/12_1",NA,0.966662549,0.842089544,NA,-46.5,0,-0.034516667,-72,NA,NA,NA,64.76121,-22,36.2636667,-0.407691803,21,42.5,-2.737991667,-0.649666667,-33.5
"71","404S34120","404S34120_06/21/12_1",NA,0.73982095,0.768121518,NA,-41,-0.001,0.005258307,-7.5,NA,NA,NA,4.802558213,-50,2.290520834,1.03e-05,39.5,79.5,0,0,-37
"72","404S35270","404S35270_06/20/12_1",NA,0.564276587,0.465863956,NA,-21,0,0.284208334,0,NA,NA,NA,8.41879167,-77,0.518666667,-0.336843456,-1,25.5,-2.7599375,-0.078958334,-13
"73","404S45622","404S45622_06/03/13_2",0006-03-13,0.770437524,0.769777313,NA,-104,0,0.382875,-53,NA,NA,NA,1.559548333,-56,0.363875,-0.342611105,-1,-6,-3.437312501,-0.4866875,-4
"74","405CE0280","405CE0280_07/06/15_1",0007-06-15,1.239308536,1.215676055,NA,0,-0.000729334,-0.000525007,0,NA,NA,NA,-0.000297511,0,-0.00025,0,0,0,0,3.11e-05,0
"75","405PS0030","405PS0030_07/08/15_1",0007-08-15,0.83116607,0.764194253,NA,NA,0.007250033,0.00104164,0,NA,NA,NA,-0.000833137,0,-0.0095185,-7.97e-07,0,0,0,0.0004375,0
"76","408BA0268","408BA0268_05/06/08_1",0005-06-08,0.654192668,0.506473839,NA,-11,0,0.3508417,-53,NA,NA,NA,0.065161667,-30,0.39175,-0.000538229,0,-1,0.006866667,0,-11
"77","408BA0660","408BA0660_06/04/14_1",0006-04-14,0.882408095,NA,NA,166,-0.1096875,0.026367,-123.5,NA,NA,NA,207.8450729,-79,100.0962913,-3.21e-05,-133,-10,-0.494441334,-0.496208333,-157
"78","408BA0836","408BA0836_06/04/14_1",0006-04-14,0.674468322,NA,NA,161.5,-0.2711665,-0.215308333,-110.5,NA,NA,NA,230.5497117,-52.5,128.741625,-2.26e-05,-137,-29,-0.387408134,-0.55525,28
"79","408BA0916","408BA0916_05/08/08_1",0005-08-08,0.448787462,0.510534158,NA,166,-0.208104334,-0.221645833,-123.5,NA,NA,NA,155.4699034,-57.5,222.579125,-2.71e-05,-132,-27,-0.397999667,-0.574771167,3
"80","408PS0032","408PS0032_05/21/08_1",NA,0.487464108,0.352900804,NA,162.5,-0.2850625,-0.116529167,-123,NA,NA,NA,375.0412211,-80,312.4383767,-3.48e-05,-135,-11.5,-0.864128833,-0.92441833,23
"81","412WE0552","412WE0552_08/26/15_1",NA,0.767868747,0.76655292,NA,-34,0.01,0,-2,NA,NA,NA,0.068416672,-43,0.7125,0.008368774,0,-10,0.12,0,0
"82","481S05856","481S05856_06/13/13_1",NA,1.007353312,0.933039021,NA,NA,0,0,0,NA,NA,NA,-0.000402117,NA,-0.047000003,1.59e-05,NA,NA,-0.01075,-0.007437833,NA
"83","722ABSPPC","722ABSPPC_05/20/13_1",NA,1.110875757,0.941230111,NA,NA,0.001354166,0.00029166,0,NA,NA,NA,0.001351667,0,-0.000541667,4.11e-06,0,0,0,0,0
"84","722PS0535","722PS0535_05/26/09_1",NA,0.824247119,0.698817116,NA,0,0.000854167,0.00153125,0,NA,NA,NA,0,NA,0,0,NA,NA,-0.000500166,0,0
"85","722PS0611","722PS0611_06/08/10_1",0006-08-10,0.83899663,0.500368033,NA,NA,0.014458175,7.08e-05,0,NA,NA,NA,-0.003053355,0,-0.031,2.57e-07,0,3,0.003,0.006375,-3
"86","801LYC271","801LYC271_06/10/14_1",0006-10-14,1.140865975,1.175684389,NA,0.5,0.005749999,-9.38e-05,0,NA,NA,NA,-0.001541657,0,-0.05891917,4.64e-07,0,2,0.00075,0.005437517,-2
"87","801MIC042","801MIC042_06/09/14_1",0006-09-14,0.73805956,0.755952716,NA,150.5,-0.654010583,-0.450560617,-97,NA,NA,NA,141.8466912,-120,86.99510417,-8.17e-05,-27,-5.5,-0.6994436,-0.841719,27
"88","801S08727","801S08727_06/05/13_2",0006-05-13,1.07949878,1.162386609,NA,1,0.1,0.1,12,NA,NA,NA,0,12,0,-0.02,0,-1,0,0,1
"89","801SJR159","801SJR159_06/03/14_1",0006-03-14,0.679182143,0.664625883,NA,-5,0.0046875,0,-4,NA,NA,NA,1.260235584,-7,2.47662,-2.74e-05,0,0,0.414657668,-0.050915,-30
"90","801WE0674","801WE0674_05/14/13_1",NA,0.890182378,1.009382111,NA,-4,0,-0.000570866,-7,NA,NA,NA,0,-4,0,-1.23e-05,0,-2,0,0,-1
"91","801WE1008","801WE1008_05/14/13_1",NA,1.054818609,1.031477403,NA,2,0.1,0.1,12,NA,NA,NA,0,12,0,-0.02,0,-2,0,0,2
"92","801WE1132","801WE1132_08/19/09_1",NA,0.979238503,1.034650763,NA,-2,0,0,-47,NA,NA,NA,0.001065,-47,0.001625,-0.000227264,0,0,0,0,0
"93","802SJR116","802SJR116_06/12/14_1",0006-12-14,0.340720464,0.29614746,NA,124,-0.028208334,-0.03509587,-19.5,NA,NA,NA,68.2881251,-38,219.6307092,9.75e-08,0,2,-0.218583332,-0.281708335,-23
"94","901DCCSMC","901DCCSMC_05/16/11_1",NA,1.121869904,1.150047343,NA,NA,0.05050025,0.025783333,-30,NA,NA,NA,-0.004891666,0,-0.004958667,-3.35e-07,-1,-1,0.068683333,0.039770867,0
"95","901PS0057","901PS0057_05/14/08_1",NA,0.811505242,0.833804933,NA,-29,0.040791667,0.423968749,-3,NA,NA,NA,45.37532636,-63,19.92504166,4.52e-06,52,82,0.004341667,1.783166584,-33
"96","901S00313","901S00313_04/30/09_1",NA,1.244625897,1.133369683,NA,-9,0,0.01,-2,0,0.22561923,0,0,26,0,-0.029761905,-29,-25,-0.832,1.5,-4
"97","901S00469","901S00469_05/13/09_1",NA,1.09138478,0.987243828,NA,-31,-0.02,-0.62,-16,NA,NA,NA,0,-6,0,-0.035714286,0,26,-0.62,0,-27
"98","901S00997","901S00997_05/14/09_1",NA,0.819319136,0.932932294,NA,-39,0.0015,0,5,NA,NA,NA,17.15970004,-59,2.78475,3.82e-05,73,112.5,0,-0.784292,-25.5
"99","901S01705","901S01705_05/14/09_1",NA,1.122029647,1.134198522,NA,0,-2.08e-05,-3.33e-05,0,NA,NA,NA,-4.17e-05,0,-5e-04,1.06e-06,0,0,-2.08e-05,0,0
"100","901S01811","901S01811_05/07/09_1",0005-07-09,0.522658112,0.500583154,NA,-64,0.019458333,0.0159,-38,NA,NA,NA,77.01663333,-32,31.50525,4.43e-06,34,70,-1.193574667,-1.490645833,-25
"101","901S01849","901S01849_06/01/10_1",0006-01-10,1.174047017,1.154585386,NA,-2,0,0.1,-2,NA,NA,NA,0,27,0,-0.029761905,-29,-25,-0.832,1.5,-4
"102","901S02873","901S02873_06/01/10_1",0006-01-10,0.888181397,0.888658416,NA,0,-8.33e-05,-0.005241667,0,NA,NA,NA,-0.000763125,0,0.850675,3.71e-05,0,0,-0.0010625,-7.29e-05,-11
"103","901S04309","901S04309_05/16/11_1",NA,0.990142206,1.067219079,NA,-25,-0.02,-0.61,-9,NA,NA,NA,0,3.5,0.015145834,-0.035714286,0,0,-0.62,0,-31
"104","901S04409","901S04409_05/19/11_1",NA,1.065534008,0.808495179,NA,-9,0,0.01,-2,0,0.201759182,-0.5,0,27,0,-0.029761905,-29,-25,-0.832,1.5,-4
"105","901S04565","901S04565_05/26/11_1",NA,1.080869546,0.950181415,NA,-38,-0.02,-0.62,-5,NA,NA,NA,0,-6,0,-0.035714286,0,26,-0.62,0,-27
"106","901S06851","901S06851_05/19/11_1",NA,0.608459723,0.773719293,NA,-78.5,0.010208334,0.012108333,20,NA,NA,NA,56.77216521,-34,20.27249833,1.54e-05,44,108,0,-0.735458167,-53
"107","901S06969","901S06969_05/31/12_1",NA,0.715627218,0.819441477,NA,-2,0,0.1,-2,NA,NA,NA,0,27,0,-0.029761905,-29,-25,-0.832,1.5,-4
"108","902S01097","902S01097_05/11/09_1",0005-11-09,0.811432501,0.771653048,NA,0,-0.002062517,-0.003349967,-6,NA,NA,NA,0.84526249,-72,2.854562332,3.12e-07,0,0,-0.251333334,-0.022604167,-14
"109","902S02293","902S02293_05/27/10_1",NA,0.518563284,0.51805688,NA,-13,0,-1.43,-81,NA,NA,NA,0.3,-67,38.2409533,3.78e-05,-1,-45,0.02,-9.0129167,-8
"110","902WE0888","902WE0888_06/16/15_1",NA,0.666881154,0.604582091,NA,NA,0,-0.022887503,-0.5,NA,NA,NA,0.115758334,-0.5,0.1864792,0.000582403,0,0,0,0.001583333,-4
"111","903WE0798","903WE0798_04/08/15_1",0004-08-15,0.932285035,0.990648495,NA,0,-0.000375,-0.000670829,0,NA,NA,NA,-0.001276333,0,-0.001062333,3.73e-06,0,0,0.006166683,-0.001208167,0
"112","903WE0900","903WE0900_04/08/15_1",0004-08-15,1.084100205,1.057700655,NA,0,-0.001375,-0.001520834,0,NA,NA,NA,0.011669069,0,0.01439583,4.67e-06,0,0,0.003116667,-0.004375333,0
"113","905S02561","905S02561_05/25/11_1",NA,1.027395872,0.865065284,NA,-10,0.003062467,0.01,-2,0,0.219910332,0,0,-2,0,-0.029761905,0,4,0.198166933,1.499,-4
"114","905SDYSA7","905SDYSA7_05/06/08_2",0005-06-08,0.268924548,0.294087811,NA,-38,-0.02,-0.62,6,NA,NA,NA,0,5.5,0,-0.001046798,0,26,-0.62,0,-26
"115","905WE0679","905WE0679_03/27/15_1",NA,0.784626423,0.672447742,NA,-9,0,0.01,-2,-1,0.222579247,-3,0,-2,0,-0.029761905,0,0,0.2,1.5,-4
"116","905WE1018","905WE1018_06/09/15_1",0006-09-15,0.840774398,0.781527775,NA,-9,0,0.01,-2,0,0.197410128,-0.5,0,-2,0,-0.029761905,0,4,0.2,1.5,-4
"117","906S02246","906S02246_05/26/10_1",NA,0.382125362,0.409836085,NA,91.5,0,0,-40.5,NA,NA,NA,28.3632604,-125,56.47489667,1.49e-07,21,83,-0.013858333,0,-41
"118","907S00577","907S00577_05/12/09_1",0005-12-09,0.93929517,0.8894503,NA,-36,0,0.01,-1,NA,NA,NA,0,-1,0,-0.000620495,-1,5,-2e-10,0,-28
"119","907S01418","907S01418_05/12/09_1",0005-12-09,1.05838786,0.887648722,NA,0,-0.002146,-0.0014997,0,NA,NA,NA,-0.000937511,0,-0.002291667,-2.73e-07,0,1,-0.000289417,-5.21e-05,-4
"120","907S01434","907S01434_05/13/09_1",NA,1.230696374,1.249193405,NA,-2,0,0.1,-2,NA,NA,NA,0,-2,0,-0.029761905,0,4,0.2,1.5,-4
"121","907S01610","907S01610_05/31/10_1",NA,0.974313817,0.86440533,NA,-1,-0.008781083,-0.010499883,0,NA,NA,NA,-0.002333233,0,-0.007999667,3.5e-06,0,0,-0.0061998,-0.0173545,-1
"122","907S03786","907S03786_05/30/12_1",NA,0.35522511,0.400712714,NA,-2,0,0.01,-2,NA,NA,NA,0,-2,0,-0.029761905,0,4,0.2,1.5,-4
"123","907S05514","907S05514_05/18/11_2",NA,1.069386784,0.978490331,NA,-25,-0.02,-0.62,-6,NA,NA,NA,0,-50,0,-0.035714286,0,26,-0.62,0,-26
"124","907SSDR11","907SSDR11_05/05/08_2",0005-05-08,0.805193299,0.626535357,NA,-54.5,0,0.422104167,-19,NA,NA,NA,162.8677812,-23.5,80.38095833,-0.229259458,0,84.5,-2.76,-0.7,-34.5
"125","909WE0662","909WE0662_06/22/15_1",NA,1.166737869,1.052514131,NA,NA,-0.039124993,-0.011089592,0,NA,NA,NA,-0.0010983,0,-0.02737167,7.43e-07,0,0.5,-0.00115833,-0.040875,-0.5
"126","911S00538","911S00538_05/05/09_1",0005-05-09,1.125302159,1.113245295,NA,0,-0.118146665,-0.097049582,-5,NA,NA,NA,0.7096712,-0.5,0.64921167,2.94e-05,-0.5,0.5,-0.090641666,0.21498,-1.5
"127","911S01142","911S01142_05/24/11_1",NA,1.010719274,0.858041883,NA,-0.5,0,0.000266667,-41,NA,NA,NA,0.054658333,-38,0.474373331,-3.51e-07,-3,-0.5,0,-0.003833333,-2
"128","911S01818","911S01818_05/06/09_2",0005-06-09,0.731053622,0.810742262,NA,-22,-0.02,-0.62,-15,NA,NA,NA,0,-24,0,-0.035714286,0,3,-0.62,0,-26
"129","911S02058","911S02058_05/05/09_1",0005-05-09,1.131148628,1.146765464,NA,-11,-0.071049165,-0.033064701,-2,NA,NA,NA,0.96116393,-2,0.26879333,6.44e-05,-1,1,-0.994509334,-0.67391,-13
"130","911S04086","911S04086_05/06/09_2",0005-06-09,0.80826182,0.706925027,NA,-19,0,-0.006378099,-1,NA,NA,NA,-0.0003875,0,-0.006333,-1.29e-05,-1,0.5,0.000477083,0.000270833,-6
"131","SGLT506","SGLT506_07/06/12_1",0007-06-12,0.799483384,0.716656664,NA,-9.5,-3.292041667,-4.498613334,-143,-0.5,180.3222502,-43.5,368.7030207,-3,388.7689162,-7.03e-07,0,47,-4.497995502,-11.20563542,-18
"132","SGUR103","SGUR103_07/22/10_1",NA,1.077069857,1.095691599,NA,-1,0,6.67e-05,0,NA,NA,NA,0.02213653,0,-0.02941333,-2.68e-06,0,-6,0,0,-1
"133","SGUT503","SGUT503_05/27/10_1",NA,0.834157137,0.864746237,NA,NA,0.001583333,0,0,NA,NA,NA,-0.000720006,0,-0.009666667,4.45e-07,0,-2,-0.001464587,0,2
"134","SMC00105","SMC00105_05/22/14_1",NA,0.808775915,0.822705081,NA,NA,5e-04,0.0011375,-9,NA,NA,NA,0.007759167,-9,0.0369167,9.66e-05,0,-6,0,0.00046875,6
"135","SMC00135","SMC00135_06/07/10_1",0006-07-10,1.135450661,1.254694516,NA,-22,0,2.92e-05,-14,NA,NA,NA,0,-3,0,-3.92e-07,0,0,0,0,0
"136","SMC00198","SMC00198_07/09/14_2",0007-09-14,0.665336775,0.697867078,NA,-12,0,0,-15,NA,NA,NA,35.07957499,0.5,77.2693967,-7.38e-07,21,74,-0.021583333,-0.038958333,-29
"137","SMC00206","SMC00206_06/16/15_1",NA,0.786265491,0.655808826,NA,-15,0.04671875,0.1612625,-6,NA,NA,NA,36.1485658,-66,-1.29279,4.71e-06,67,89,0,0.0021875,-26
"138","SMC00271","SMC00271_08/13/15_1",NA,1.326169906,1.196220752,NA,0,-0.000124834,-0.0002083,0,NA,NA,NA,-0.000250213,0,-0.000208,2.03e-06,0,0,-8.33e-05,-0.000125,0
"139","SMC00282","SMC00282_06/09/09_2",0006-09-09,0.963230043,0.873856229,NA,-0.5,-0.065479167,-0.0204021,0,NA,NA,NA,-0.003098213,-1,-0.0115,2.58e-06,0,0.5,0.0220833,-0.03564585,-0.5
"140","SMC00288","SMC00288_06/04/14_1",0006-04-14,0.691288182,0.735304952,NA,-33.5,0,-0.01390625,0,NA,NA,NA,1.288499886,-52,0.137770817,7.87e-05,43,44,0,0.000595834,-11.5
"141","SMC00318","SMC00318_06/15/10_1",NA,0.62059491,0.552897319,NA,-18,-6.544010834,-14.09206817,-32.5,NA,NA,NA,1634.326084,-12,1547.365875,1.25e-07,0,44,-3.44274166,-5.53335333,-11
"142","SMC00324","SMC00324_06/21/10_1",NA,0.641027473,0.572039705,NA,NA,0.001,0.00095,-92,NA,NA,NA,0,NA,72.546675,0,-4,64.5,0,-2.280021167,-67
"143","SMC00382","SMC00382_06/23/09_1",NA,0.835857175,0.842100102,NA,-7.5,0.000291667,0.00325,-34,NA,NA,NA,4.5482467,-67,2.909708333,0.000109929,38,-10,0,-0.033875,-20
"144","SMC00428","SMC00428_07/22/10_1",NA,1.081573827,1.075542352,NA,-3,0.01,0,1,NA,NA,NA,0.158229166,-2,0.54375,-0.384947326,-14,3.5,0.56083667,0,0
"145","SMC00436","SMC00436_05/26/09_1",NA,0.582308652,0.455117491,NA,-20,-3.56729875,-0.120783233,-1.5,0,-13.51491879,-26,715.3801298,15,947.453708,-3.45e-08,0,18,-3.186641663,-2.89841833,-10
"146","SMC00464","SMC00464_06/04/14_1",0006-04-14,0.570117137,0.604398523,NA,-1,0,0,-2,NA,NA,NA,-0.000131667,-0.5,-8.37e-05,-1.27e-06,0,-6,0,0,0
"147","SMC00476","SMC00476_06/08/09_1",0006-08-09,1.141500165,1.062161894,NA,-18,0,0,0,NA,NA,NA,0,-11,0,1.07e-06,0,0,-0.0409793,0,-1
"148","SMC00479","SMC00479_07/13/11_2",NA,0.475400764,0.579564006,NA,-5.5,0.00103125,0.001339583,-32.5,NA,NA,NA,4.92323238,-70,3.122166834,2.39e-05,40,56,0,-0.010979158,-24
"149","SMC00480","SMC00480_05/13/09_2",NA,1.247525412,1.205546912,NA,0,-4.17e-05,-0.000291667,0,NA,NA,NA,-0.000108125,0,-0.000687167,-1.04e-05,0,0,0.018418867,0.008114492,0
"150","SMC00520","SMC00520_06/25/14_1",NA,0.721871662,0.789365196,NA,-1,-0.03333,-0.031315,-1,NA,NA,NA,-0.05554347,0,-0.07841666,6.95e-07,0,0,-0.03951625,-0.07217625,-2
"151","SMC00544","SMC00544_06/22/11_1",NA,0.656026959,0.592690765,NA,0,0.000104167,-7.71e-05,0,NA,NA,NA,-0.0003325,-1,-0.000416833,1.34e-07,0,0,0,0.00234375,-1
"152","SMC00608","SMC00608_06/27/11_1",NA,0.633576939,0.614101335,NA,3,0.10121875,0.3691791,-88,0,36.18048614,-1,47.64072251,-22,20.8252917,1.13e-06,0,10,-0.664187167,-1.48777075,-5
"153","SMC00632","SMC00632_06/13/11_2",NA,0.325345644,0.450218227,NA,-6,0.003875,0.0225625,-12.5,7.5,0.135556379,-20.5,2.815534013,-28,1.692708167,3.65e-06,14.5,43.5,0,-0.04242725,-10.5
"154","SMC00684","SMC00684_06/27/11_1",NA,0.591037377,0.460496045,NA,-19,0,0,-22.5,-10,30.72840851,-45,49.05432277,-65.5,15.70664334,1.29e-05,43,63,-0.146925005,-0.564625,-24
"155","SMC00710","SMC00710_05/20/09_1",NA,0.866616192,0.808459509,NA,-140,0,0.947225003,9.5,NA,NA,NA,78.70492001,-38.5,139.7054792,0.000198058,69.5,135.5,0,0.037372917,-51
"156","SMC00748","SMC00748_06/21/11_1",NA,0.634919889,0.517282917,NA,-18,0.032333334,0.000753334,-15.5,-17,-36.2201209,-43.5,104.5622707,-49.5,30.60250083,3.56e-06,29,50.5,-0.642013698,-1.879655418,-20.5
"157","SMC00827","SMC00827_06/15/09_1",NA,0.789546908,0.691409456,NA,0,-0.011217503,-0.021222916,0,NA,NA,NA,0.49146988,0,-0.00762667,9.78e-07,0,0,-0.00738067,-0.01279333,0
"158","SMC00857","SMC00857_07/13/11_1",NA,0.33019808,0.21512319,NA,NA,0.004,-27.37779584,-8,NA,NA,NA,0,28,26.70020833,-4.13e-08,0,45,0,0,-4
"159","SMC00873","SMC00873_06/10/14_1",0006-10-14,0.812759031,0.91958176,NA,-197,0.013854165,0.026304166,-6,NA,NA,NA,22.67477483,-37,11.67716667,1.1e-05,35,76.5,-0.129412533,-0.7885625,-14
"160","SMC00899","SMC00899_07/12/11_1",0007-12-11,0.658757751,0.616763874,NA,130,-0.118291667,-0.068,-96,NA,NA,NA,25.11083542,-91,20.72164584,9.39e-05,49.5,116,-0.090756257,-0.14965625,10
"161","SMC00911","SMC00911_06/04/09_1",0006-04-09,1.139858532,1.211717265,NA,0,0.012478917,-0.001639767,0,0,0.508079221,0,-0.005579667,0,-0.0061665,-5.32e-06,0,0,0.008654183,0.013614592,0
"162","SMC00924","SMC00924_06/25/14_1",NA,0.61661351,0.603487917,NA,-6,0.01,0,1.5,-3.5,0.301632539,0,0.041333333,-30.5,0.377083316,-0.137336036,18.5,-104,0.002083333,0.2,-4
"163","SMC00957","SMC00957_07/02/10_1",0007-02-10,1.001702902,NA,NA,42.5,-0.014354165,-0.026437499,27,NA,NA,NA,20.97177813,0,68.88725,2.24e-06,0,60,-0.0237625,-0.0065,-38
"164","SMC00958","SMC00958_07/19/11_1",NA,0.624361626,0.623423578,NA,-51.5,0.000708334,0.05165,-33,NA,NA,NA,36.60494333,-54,29.36754167,2.53e-05,39,79.5,0,-0.297104134,-45
"165","SMC00963","SMC00963_07/09/14_1",0007-09-14,0.64049208,0.565606384,NA,-6,0.056541666,0.051087497,-4.5,-1.5,-5.588310453,-55,42.07334499,-42,-10.74533584,4.4e-06,46.5,68,0,-2.405333167,-11.5
"166","SMC01040","SMC01040_06/09/09_1",0006-09-09,1.061782392,1.087567502,NA,-1,-0.00374833,-0.014242,0,-0.5,-0.211265336,-1,-0.022879766,-1,-0.1957,6.53e-07,0,-3,-0.010533334,-0.007833333,-1
"167","SMC01046","SMC01046_05/21/09_1",NA,0.825303391,0.73200502,NA,-26,-0.061104166,0.56885,-5,-1,0.591503254,-4,31.32859375,-8.5,14.01471,-3e-06,8.5,12,2.197,0.787,-27
"168","SMC01096","SMC01096_06/07/10_2",0006-07-10,0.776774949,0.745930477,NA,-1,-0.037541665,-0.057187002,-1,NA,NA,NA,-0.054307834,-1,-0.068,2.09e-06,0,0,-0.033010418,0.01298,-1
"169","SMC01155","SMC01155_05/12/09_1",0005-12-09,0.520641319,0.561508906,NA,-3,0.016479184,0.012760835,-1,NA,NA,NA,-0.041837499,-1,-0.04254167,2.72e-06,0,0,0,-0.001916667,-3
"170","SMC01158","SMC01158_05/20/09_1",NA,1.025876893,NA,NA,NA,0.0115,0.082983333,-10,NA,NA,NA,9.105021661,-54,9.25791667,0.00010733,31,57.5,0,0,-26
"171","SMC01161","SMC01161_05/27/10_1",NA,0.86743083,0.719151848,NA,-17,0.016916667,-0.002287497,-64,NA,NA,NA,1.075897884,-47,4.0105417,4.61e-08,0,-1,-0.007529173,0.000291667,-16
"172","SMC01196","SMC01196_07/14/10_1",NA,0.983464921,0.947687864,NA,NA,0,0,-1,NA,NA,NA,-0.000240625,-1,-0.017187333,2.36e-06,0,0,-0.000604167,0.000427067,-1
"173","SMC01208","SMC01208_06/08/10_1",0006-08-10,0.617570071,0.496317475,NA,-3,0.226145832,1.36851656,-18.5,8,-29.89455664,-27,346.5401197,-109,133.4779458,3.88e-07,40,65,-0.006583334,-26.6052083,-90
"174","SMC01215","SMC01215_07/13/11_1",NA,0.503840448,0.493722243,NA,-1.5,4.262572083,3.149674985,-4,NA,NA,NA,206.6701851,-4,238.48471,0.000381389,0,0,0.174829,-0.585250334,-5
"175","SMC01248","SMC01248_07/26/11_1",NA,1.024848902,0.968951169,NA,0,-0.00014585,1.33e-07,0,NA,NA,NA,-0.001375,-2,-0.001875,-3.91e-06,0,0.5,0.032695733,0.02915625,0
"176","SMC01257","SMC01257_06/16/11_1",NA,0.558684309,0.706841832,NA,-7,0.004833334,0.01745,-13.5,NA,NA,NA,21.56162211,-63,15.89920833,1.65e-06,45.5,67,0,-0.2015835,-145
"177","SMC01260","SMC01260_07/16/12_1",NA,0.774528512,0.808509937,NA,-9,-3.0785675,-4.431225668,-142,-0.5,89.47891924,-43.5,358.8896307,-2,360.8020629,-1.66e-08,-3,44,-4.230053918,-12.56975083,-15
"178","SMC01320","SMC01320_06/07/10_1",0006-07-10,0.643681332,0.579855032,NA,-3,-0.024416667,-0.033105835,0,NA,NA,NA,-0.051854525,-1,-0.06654,3.5e-06,0,0,-0.013564167,-0.001091253,-1
"179","SMC01358","SMC01358_06/21/11_1",NA,0.52946756,0.514765173,NA,-15,0,0.000604167,-32,NA,NA,NA,7.426447582,-98,4.320208333,7.96e-05,45,95,0,0,-47.5
"180","SMC01413","SMC01413_07/09/12_2",0007-09-12,0.892648325,0.869284316,NA,NA,0,0,0,NA,NA,NA,0,0,-0.000125,0,0,0,0,0,0
"181","SMC01424","SMC01424_07/01/09_1",0007-01-09,1.250987839,1.222438654,NA,0,-0.005854192,-0.000504157,0,NA,NA,NA,-0.001762384,0,-0.001791667,-2.44e-05,-2,0.5,0.1035542,0.045125167,0
"182","SMC01452","SMC01452_07/15/10_1",NA,0.400145717,0.494965306,NA,NA,0,-0.00655,-35,NA,NA,NA,3.785331272,-77,1.419875,0.000263005,39,97.5,-0.0164,-0.003,-37
"183","SMC01454","SMC01454_07/16/12_2",NA,0.45363251,0.526728123,NA,-2,-0.004708334,0,-12,-11,18.60190656,-44.5,19.694577,-59,10.90433333,6.39e-06,43,59,0,1.25e-05,-60
"184","SMC01504","SMC01504_06/28/11_2",NA,1.137285486,1.092716038,NA,0,0,8.31e-08,0,NA,NA,NA,0,NA,0,-1.52e-08,NA,NA,-1.67e-07,0,0
"185","SMC01512","SMC01512_06/23/10_1",NA,0.795323558,0.818249761,NA,-67,0,-0.32,-53,NA,NA,NA,0.093673333,-54,-0.545875,-0.462068973,-3,-7,-1.322629167,0.2,-33
"186","SMC01544","SMC01544_07/14/10_1",NA,0.733245197,0.676265579,NA,-4,-0.024625,-0.03303917,0,NA,NA,NA,-0.052545152,0,-0.06266917,8.98e-06,0,0,0.015955832,-0.019853331,0
"187","SMC01567","SMC01567_06/09/10_1",0006-09-10,1.08486398,0.994112607,NA,0,-0.000447916,-0.000647745,0,NA,NA,NA,-0.000584324,0,-0.001083331,1.25e-07,0,0,0.0083291,0.006041666,0
"188","SMC01606","SMC01606_05/26/09_1",NA,0.587185975,0.63397757,NA,152.5,0.00095,0.00203125,-168.5,NA,NA,NA,7.184626701,-8.5,34.88506234,2.73e-06,40.5,67.5,-0.006939583,-0.0045,-5
"189","SMC01656","SMC01656_06/06/12_1",0006-06-12,0.641724972,0.629370293,NA,-56,0.012791668,0.053062513,-20,-3.5,0.775485063,-33,6.942123121,-90,3.158687498,1.18e-06,-4,36.5,-0.071220834,-0.091395833,-16
"190","SMC01662","SMC01662_07/09/12_1",0007-09-12,0.500303421,0.679786901,NA,-19,0.00666667,0.053258367,-33,NA,NA,NA,48.52599312,-78,34.1295,2.14e-06,36,63,0,-1.2813125,-23
"191","SMC01692","SMC01692_06/20/11_1",NA,0.576785385,0.428401008,NA,NA,0,0,0,NA,NA,NA,2.179871676,0,2.8992917,-2.49e-05,0,1,0,0,-12
"192","SMC01694","SMC01694_06/28/10_1",NA,0.599880344,0.780257763,NA,-28,0,0.217433,-66,NA,NA,NA,10.23358833,-12,1.385625,0.011235803,-3,20,-2.76,-0.31570833,-58
"193","SMC01726","SMC01726_06/30/10_1",NA,0.939237898,0.986732644,NA,-24,-1.504510417,-2.358856417,-185,NA,NA,NA,243.4110767,-0.5,197.9569167,-1.26e-06,-1,37.5,-1.158020833,-2.563937333,-14.5
"194","SMC01748","SMC01748_06/03/09_1",0006-03-09,0.711498098,0.564445971,NA,4,0.192354165,1.675641667,-7.5,-1.5,80.2094246,-38,110.7013015,-34.5,111.2896892,2.47e-07,19.5,36,0.004954167,13.99527084,-12.5
"195","SMC01772","SMC01772_07/11/12_1",0007-11-12,0.561837234,0.657382216,NA,-7,0.002916667,0,-15,NA,NA,NA,2.531108216,-46,1.073166633,6.11e-05,33,64.5,0,-0.085083333,-26
"196","SMC01808","SMC01808_06/13/11_1",NA,0.887283479,0.88175899,NA,0,-0.0003125,-7.47e-05,0,NA,NA,NA,-0.000243729,-1,-2.07e-05,3.3e-06,0,0,0.001837266,0.000645667,0
"197","SMC01860","SMC01860_05/28/09_1",NA,0.641787879,0.551582082,NA,163,-0.223770667,-0.231658667,-123.5,NA,NA,NA,171.9164552,-51,243.754875,-3.09e-05,-136,-29,-0.418999733,-0.598854,19
"198","SMC01912","SMC01912_07/12/12_1",0007-12-12,0.674912234,0.669315686,NA,56,0,0.00221875,-37,NA,NA,NA,2.856102901,-81,-0.119166667,1.31e-05,53,72,0,-0.014833332,-66
"199","SMC01934","SMC01934_06/15/12_1",NA,0.546728319,0.615239604,NA,-10,0.2432125,1.872379167,-1.5,NA,NA,NA,111.447675,-52.5,-21.75649417,1.71e-06,59,80,0.554395834,0.072208333,-7
"200","SMC01960","SMC01960_06/23/10_1",NA,0.589957346,0.560144189,NA,-65,0.069958333,0.567358333,-26,NA,NA,NA,47.32448501,-45,15.264995,1.29e-06,30,43,-9e-04,0.004458334,-5
"201","SMC01987","SMC01987_06/15/12_2",NA,0.405210503,0.531880076,NA,-60,0,0,-27,NA,NA,NA,46.64949676,-28,16.65291683,2.93e-05,39.5,133.5,0,-11.30191667,-80
"202","SMC01990","SMC01990_07/08/14_1",0007-08-14,0.662518557,0.646904453,NA,63,-2.500062333,-0.023552083,18.5,NA,NA,NA,11.723845,-5.5,36.03456267,3.62e-06,45.5,95,-0.014295834,-0.013,-39
"203","SMC02028","SMC02028_07/12/12_1",0007-12-12,0.307012706,0.310233146,NA,-4,0.086833333,0.4807664,-8,0,-0.538016788,-59,35.68812169,-14,41.29675167,3.85e-06,0,25,-0.000466667,0.056958333,-20
"204","SMC02075","SMC02075_07/17/12_1",NA,0.835344733,0.999390685,NA,0,0.007250009,0.002564575,-2,NA,NA,NA,-0.000291566,0,-0.001375,2.66e-07,0,0,0.001,0,0
"205","SMC02088","SMC02088_06/14/11_1",NA,0.816082358,0.761473478,NA,-1,0.01,0,-44,NA,NA,NA,0.570166712,-12,4.708333333,-0.049215686,-15,-24,0.92,0,1
"206","SMC02092","SMC02092_06/14/11_1",NA,0.751231509,0.684919703,NA,NA,0.001604167,0.001958331,0,NA,NA,NA,0,-1,-0.004812334,1.87e-07,0,0,-0.008254166,0,0
"207","SMC02139","SMC02139_07/17/12_1",NA,1.067766539,1.149822301,NA,-0.5,0.004114584,0.001158325,-2,NA,NA,NA,-0.000137384,0,-0.000625,1.84e-06,0,0.5,0.0006875,-0.197937505,-0.5
"208","SMC02206","SMC02206_07/19/11_1",NA,0.71504218,0.739577801,NA,-56,0,0,-9,NA,NA,NA,12.91219188,-35.5,10.2716685,0.000120799,34.5,82,0,-0.345416667,-33
"209","SMC02228","SMC02228_06/23/09_1",NA,0.353213938,0.300249847,NA,-4.5,-17.55751125,-25.9148315,11.5,NA,NA,NA,1208.445537,10,987.721333,-4.82e-07,-3,15,-12.847454,-27.6063333,-94
"210","SMC02270","SMC02270_06/30/10_1",NA,0.583945835,0.664851575,NA,48.5,0,0.000275,18.5,NA,NA,NA,0.759578333,-30.5,0.363000002,0.000191077,40.5,21,0,0.0129375,22
"211","SMC02302","SMC02302_07/15/13_1",NA,0.645194164,0.775054676,NA,-30,-9.38e-05,0.046225,15,NA,NA,NA,57.19144582,-43,62.66225167,6.54e-05,43,60,0,-0.2596875,-90
"212","SMC02436","SMC02436_05/28/09_1",NA,0.573483929,0.458163637,NA,164,-0.3245,-0.021195168,-110.5,NA,NA,NA,244.9606793,-85,117.374333,-3.09e-05,-129,-45,-0.5915,-0.661625333,-152
"213","SMC02452","SMC02452_06/30/11_1",NA,0.60844273,0.580134664,NA,200,-0.037729167,-0.02277294,-149.5,NA,NA,NA,103.1161116,-83.5,73.903625,1.37e-06,-148,NA,-0.061599966,-0.070146,-13
"214","SMC02536","SMC02536_06/29/11_1",NA,0.819133093,0.729481763,NA,-10,0,-0.257791667,-12,NA,NA,NA,6.554638331,-65,2.0565,-0.012506619,-1,26,-2.76,-0.7,-53
"215","SMC02563","SMC02563_06/24/10_2",NA,0.493304461,0.647577554,NA,2.5,0.000833334,0.0165625,-18,NA,NA,NA,3.406749783,-54,0.680708334,2.14e-05,-3,64,0,9e-04,-14
"216","SMC02568","SMC02568_06/12/12_1",0006-12-12,0.737462473,0.625777873,NA,-9,0,-0.13015,-1.5,NA,NA,NA,0,0.5,0,-0.029761905,0,4,0.2,1.5,-4
"217","SMC02591","SMC02591_07/21/11_1",NA,0.890429936,0.80762975,NA,0,-0.00025,-6.25e-05,0,NA,NA,NA,-0.000237283,0,-0.00158333,-5.13e-07,0,0,-2.5e-05,-8.32e-05,0
"218","SMC02622","SMC02622_06/15/10_1",NA,0.588342984,0.509456189,NA,-70,-4.78692,-5.16603333,-184,NA,NA,NA,1527.054943,-7,929.7133745,-4.18e-07,0,67,-5.696718335,-5.990395,-80
"219","SMC02712","SMC02712_06/07/12_1",0006-07-12,0.710822841,0.80357356,NA,-1,0,0,-1,NA,NA,NA,0,-46,0,-6.02e-06,0,-2,0,0,0
"220","SMC02884","SMC02884_06/23/10_1",NA,0.353261143,0.513603985,NA,163.5,-0.228437334,-0.239608467,-124,NA,NA,NA,181.0651818,-50.5,250.5294167,-2.76e-05,-136,-28.5,-0.4323998,-0.617666667,19
"221","SMC02902","SMC02902_08/02/11_1",0008-02-11,0.491063365,0.503358252,NA,148.5,0.00065835,0.001,-46.5,NA,NA,NA,19.97936458,-0.5,49.624501,-4.29e-06,-1,21,-0.007,-0.008,-21.5
"222","SMC02972","SMC02972_07/18/12_1",NA,1.135006279,0.94406146,NA,-4,0.01,0,2,NA,NA,NA,0,0,0,0.004729492,0,0,0.13,0,0
"223","SMC02984","SMC02984_06/23/10_1",NA,0.57589006,0.496642549,NA,-21,0,-0.34,-69,NA,NA,NA,57.56727667,-81,19.66158333,-0.176149858,20,29.5,0.0254,-0.7,-78
"224","SMC03011","SMC03011_06/13/13_1",NA,0.560483513,0.610883603,NA,-20.5,0.020375,0.054874998,-4.5,NA,NA,NA,29.20895325,-71.5,-4.771105835,6.99e-06,48.5,107.5,0.012997917,0.745229158,-31
"225","SMC03110","SMC03110_07/26/11_1",NA,0.407271023,0.314331275,NA,-48.5,0,0.467970833,-42,NA,NA,NA,165.6026733,-24.5,61.27866667,-0.220315239,36.5,84,-2.0694625,-0.54775,-32.5
"226","SMC03216","SMC03216_07/27/11_1",NA,0.984617103,0.983594137,NA,0,-0.008749667,-0.007116733,0,NA,NA,NA,-0.017180159,0.5,-0.0085,5.65e-06,0,0,-0.0074335,-0.00551025,0
"227","SMC03268","SMC03268_05/28/09_1",NA,0.460924173,0.326753969,NA,162.5,-0.2535,-0.095408133,-123,NA,NA,NA,354.15856,-78.5,299.3909567,-2.89e-05,-138,-13.5,-0.790154167,-0.827956667,19
"228","SMC03280","SMC03280_08/11/11_1",0008-11-11,1.050676142,1.094679658,NA,-3,-0.0065835,-0.013020833,0,NA,NA,NA,-0.007545,-1,-0.008353833,1.05e-06,0,-1,-0.0065666,-0.0076045,0
"229","SMC03401","SMC03401_07/08/13_1",0007-08-13,0.689801992,0.716067745,NA,NA,-0.001,0,-13,NA,NA,NA,0.258477439,-1,0.2889583,0.000621249,0,1,0,0.002166668,-1
"230","SMC03438","SMC03438_07/02/12_1",0007-02-12,0.598657549,0.635875856,NA,-13,0,-0.32,-3,NA,NA,NA,1.185333333,-46,-0.719625,-0.263927498,-5,-6,-0.288541667,0.0153125,-5
"231","SMC03523","SMC03523_06/11/13_2",0006-11-13,0.457330054,0.519377316,NA,-49,0.004572918,0,-7,NA,NA,NA,32.00198773,-58.5,3.402833335,1.23e-05,68,102,0,-2.788906084,-28
"232","SMC03929","SMC03929_07/05/12_1",0007-05-12,0.388840554,0.442270907,NA,-59,0,0,6.5,NA,NA,NA,102.5607117,-16,43.69845834,1.19e-06,35,63.5,-1.355333333,-0.322145833,-13
"233","SMC03984","SMC03984_06/18/12_1",NA,0.919787625,1.024797919,NA,0,-0.0060835,-0.003887834,0,NA,NA,NA,-0.002492393,0,-0.00675,-7.74e-07,0,0,-0.002858567,-0.021479499,0
"234","SMC04000","SMC04000_07/30/12_1",NA,1.15506295,1.20877982,NA,0,-0.0002917,-0.000591647,-1,NA,NA,NA,-0.000444883,0,-0.001375,-2.34e-06,0,0,-0.000545833,-0.000302075,0
"235","SMC04008","SMC04008_06/19/12_1",NA,0.481897593,0.528744508,NA,-48,0.066791665,0.5992875,-44,NA,NA,NA,90.92531411,-49.5,61.40249754,7.24e-07,26,43.5,-77.81189584,-8.4617708,-15.5
"236","SMC04134","SMC04134_07/26/11_1",NA,0.627057749,0.510260616,NA,NA,0,0,0,NA,NA,NA,881.5086173,0,1583.94635,-0.003189415,0,0,0,459.5721667,0
"237","SMC04175","SMC04175_06/11/09_1",0006-11-09,0.781867053,0.687515917,NA,0,-0.004344999,-0.032348582,-49,NA,NA,NA,5.148842312,-5,12.47142085,1.73e-07,0,-1,0.042985416,-0.003562501,-8
"238","SMC04204","SMC04204_07/11/12_1",0007-11-12,0.878227598,0.91970473,NA,-25.5,-0.02,-0.62,-9,NA,NA,NA,0.003560417,-0.5,0.00666665,-0.003481314,0,0,-0.484,0,-32
"239","SMC04239","SMC04239_06/11/09_1",0006-11-09,0.951553535,1.053473222,NA,-150,0.129394999,0.008274987,-24,NA,NA,NA,10.12632393,-3,33.0612705,3.25e-08,0,0,0.130095,-0.090020834,0
"240","SMC04294","SMC04294_07/11/13_1",0007-11-13,0.481251264,0.425923432,NA,-4,-0.03733335,-0.077,-19,NA,NA,NA,34.67317291,0.5,78.2297325,-3.25e-07,21,74.5,-0.021433333,-0.038062483,-29.5
"241","SMC04308","SMC04308_06/17/09_1",NA,0.676360235,0.585706514,NA,47,0,-6.309707,-192,NA,NA,NA,43.14431462,-123,78.94698085,3.96e-07,-1,35.5,-0.157872932,-0.134322917,-24.5
"242","SMC04383","SMC04383_06/09/10_1",0006-09-10,1.175953336,1.102503531,NA,0,-0.000510417,-8e-04,-1,NA,NA,NA,-0.000719988,0,-0.000708166,3.89e-07,0,0,0.017154117,0.008083167,0
"243","SMC04399","SMC04399_06/11/09_1",0006-11-09,0.629090949,0.495360805,NA,1.5,0.821729167,1.515438336,-12,NA,NA,NA,15.651008,-12,17.5354165,0.000478724,0,0,0.034812484,1.155915,0
"244","SMC04426","SMC04426_07/25/11_1",NA,1.027784583,0.851452761,NA,0,-0.003625333,-0.004137234,0,NA,NA,NA,-0.003666665,0,-0.004041333,-3.04e-06,0,0,-0.003910417,-0.009874834,-2
"245","SMC04441","SMC04441_07/19/13_1",NA,0.524790949,0.594440622,NA,-85,0,0,11,NA,NA,NA,14.83271,-11.5,8.431437667,8.98e-06,0,57.5,0,-0.245666667,-16.5
"246","SMC04682","SMC04682_07/25/11_1",NA,0.842105821,0.561342698,NA,NA,-0.001,-0.0019625,-2,NA,NA,NA,-6e-05,-2,-0.004375,-9.5e-08,0,1.5,0,-0.001,-1.5
"247","SMC04749","SMC04749_06/23/09_1",NA,0.605961793,0.512469123,NA,84.5,0.001041667,0.006,-35,NA,NA,NA,22.6038275,-1,35.64079999,9.59e-06,-1,24,-0.03899585,-0.010135417,-24
"248","SMC04756","SMC04756_07/07/10_1",0007-07-10,0.369182377,0.416029155,NA,166,-0.0777085,0.0082623,-123,NA,NA,NA,185.098948,-75,89.90295867,-3.45e-05,-142,-14,-0.339370834,-0.313333,4.5
"249","SMC04806","SMC04806_07/11/13_1",0007-11-13,0.700601045,0.669829538,NA,NA,0.000666667,0.580247917,18,-2,57.25464754,-27,82.16994836,-22,36.83958333,0.000236068,62,139,0,0.207502084,-38
"250","SMC04880","SMC04880_06/06/12_1",0006-06-12,0.772872785,0.802712006,NA,-9,0,0,-10,NA,NA,NA,-8.35e-05,-41,-8.3e-05,-1.76e-07,0,-2,0,0,0
"251","SMC05146","SMC05146_07/10/12_1",0007-10-12,0.761573338,0.711499331,NA,0,-0.126645817,-0.03998749,0,NA,NA,NA,-0.006556667,0,-0.016898499,1.02e-06,0,-0.5,0.031633367,-0.07145835,0.5
"252","SMC05165","SMC05165_07/12/11_2",0007-12-11,0.973691554,0.864818247,NA,-73,0,0.205758333,-19,NA,NA,NA,1.27744,-5,-1.692916667,-0.48955016,-5,17,-2.07,-0.59875,-34
"253","SMC05199","SMC05199_07/06/11_1",0007-06-11,0.86810701,0.889520671,NA,-2.5,-0.002427082,-0.105071749,-2,NA,NA,NA,5.206833012,0,15.57106255,3.61e-09,0,0,0.010395833,-0.010416833,-13
"254","SMC05230","SMC05230_07/02/12_1",0007-02-12,0.275324329,0.271648498,NA,137,-5.437542918,-1.981438669,-81,NA,NA,NA,2506.961838,-16,1512.185106,-7.81e-06,-4,16,-2.96606667,-0.64808333,-76
"255","SMC05296","SMC05296_06/26/12_1",NA,1.064762842,0.947961606,NA,-8,0.17007275,0.057322932,0,0.5,-32.65861714,-30.5,2.580463388,0,-0.3873458,-4.62e-07,0,0,-0.20161664,-0.7736917,-1
"256","SMC05402","SMC05402_07/28/11_1",NA,0.880950858,0.823434712,NA,-80,-0.09552,-0.022504167,-4,NA,NA,NA,1.543233788,-3,1.28749833,0.000128965,-1,-6,-0.11750083,-0.15375167,-3
"257","SMC05567","SMC05567_06/12/13_1",0006-12-13,0.439105454,0.571450806,NA,-36,2.67072917,14.8386683,-35,NA,NA,NA,193.1699601,-4,230.58913,0.002707678,0,0.5,0.00070625,-0.072718833,-0.5
"258","SMC05702","SMC05702_06/07/10_1",0006-07-10,0.918026582,0.996655312,NA,156.5,0.00095,0.009662583,-186,NA,NA,NA,12.13305512,37.5,60.73770833,-2.77e-05,-1,26.5,-0.0115,-0.009479167,-6
"259","SMC05759","SMC05759_06/21/10_1",NA,0.628773991,0.585742424,NA,0,1.697343835,0.46151248,-7.5,NA,NA,NA,117.9429167,-10,123.6225333,1.38e-09,0,0,-0.54453717,-0.062499667,-15
"260","SMC05956","SMC05956_06/19/12_1",NA,0.552976635,0.492528767,NA,163,-0.191833333,-0.200275,-126.5,NA,NA,NA,165.2646819,-52,236.2117917,-2.87e-05,-135,-62.5,-0.3609252,-0.398083333,23
"261","SMC06079","SMC06079_06/26/13_2",NA,0.505288604,0.598927346,NA,0,-0.002645917,-0.008208267,0,NA,NA,NA,0.548470601,0,0.53529165,6.28e-06,0,0,0.003708335,-0.0025833,0
"262","SMC06216","SMC06216_06/03/14_1",0006-03-14,0.691342403,0.73240367,NA,-4,-0.098169165,-0.104006836,-1,NA,NA,NA,-0.064423332,-1,0.67400167,1.72e-06,-1,-2,-0.10946167,-0.1475,-5
"263","SMC06298","SMC06298_07/17/12_1",NA,0.814109655,0.842821097,NA,NA,0.006395834,0.005858333,-1,NA,NA,NA,-0.001014562,0,-0.006958,2.83e-06,-0.5,-0.5,0,0.009729167,0
"264","SMC06302","SMC06302_06/28/12_1",NA,0.245671618,0.413335294,NA,-7,0.024708332,0,-17.5,-11,28.43669561,-54,105.1976075,-60.5,100.2678959,3.23e-06,37.5,2,-15.44361667,-6.601208335,-24
"265","SMC06356","SMC06356_06/10/13_1",0006-10-13,0.354456996,0.456071551,NA,43,0,-6.4536935,-196,NA,NA,NA,43.87546667,-158,78.32266665,0,0,35,-0.162239572,-0.136406275,-24.5
"266","SMC06467","SMC06467_06/28/10_1",NA,0.741237788,0.804197329,NA,-0.5,0.001302092,0.000631258,0,NA,NA,NA,-0.00011,0,-0.01183333,-3.74e-07,0,-1,-0.000354167,-0.030145867,-1
"267","SMC06740","SMC06740_06/10/13_1",0006-10-13,0.624131376,0.47046677,NA,-40,5e-04,0.000577083,-8,NA,NA,NA,26.63056366,-49.5,9.28258367,3.93e-06,42.5,72,0,-0.063479167,-26
"268","SMC06794","SMC06794_07/18/12_1",NA,0.691931349,0.718570065,NA,-3,-0.086375017,-0.027608167,0,NA,NA,NA,-0.006458434,0,-0.019875831,-1.35e-06,0,2,0.000566676,-0.118458334,-2
"269","SMC06863","SMC06863_07/21/11_1",NA,0.906124688,0.897202313,NA,0,-0.000958,-0.005745966,0,0,0.642167001,0,0,0,-0.007354,-2.7e-07,0,0,0.006450003,0,0
"270","SMC06918","SMC06918_07/16/12_1",NA,0.495768589,0.491528338,NA,NA,-0.05509375,-0.082222917,35,NA,NA,NA,34.91916459,-7,61.08614567,0.001304973,37,55,-0.036,-0.048,-23
"271","SMC07126","SMC07126_07/12/12_1",0007-12-12,0.405112241,0.522825658,NA,-50,0,0.542245833,-59,NA,NA,NA,168.6657916,-24,66.7867167,-0.211000496,35,64,-2.069220833,-0.7,-30
"272","SMC08094","SMC08094_06/28/12_1",NA,0.391166109,0.341548296,NA,-39.5,-0.1520833,-0.148383353,26,NA,NA,NA,23.65293912,-163,20.79877333,-0.000681442,-2,37,-0.115058342,-0.1630729,-18
"273","SMC08150","SMC08150_07/08/14_1",0007-08-14,0.519070511,0.551673343,NA,80,-8.019187833,0.001,-64,NA,NA,NA,70.94682258,-2,104.293045,-2.55e-06,0,21,-0.0367998,0,-21
"274","SMC08157","SMC08157_06/22/11_1",NA,0.943632553,0.996616989,NA,0,0,0,0,NA,NA,NA,0.004199792,0,0.047583334,2.01e-07,0,0,0,0,-1
"275","SMC08335","SMC08335_07/07/10_1",0007-07-10,0.491201163,0.53485354,NA,NA,0,0,0,NA,NA,NA,2.105686712,0,6.9953333,-3.7e-05,0,0,0,0.01725,-10
"276","SMC08655","SMC08655_06/21/12_1",NA,0.911502255,0.847074911,NA,0,-0.004312667,-0.006377083,0,0.5,0.305529461,0,0.120913932,0,-0.02353667,1.33e-06,0,0,-0.0034002,-0.005500333,0
"277","SMC08845","SMC08845_06/22/09_1",NA,0.869459032,0.752375269,NA,5,0,0.108,-5,NA,NA,NA,0,-20,0.072125,-0.080658779,-1,-20,0.15,0.399,14
"278","SMC09118","SMC09118_05/22/13_1",NA,0.631731133,0.508148246,NA,-44,-0.2077917,-0.207825,25.5,NA,NA,NA,36.87780042,-4.5,32.61445667,-0.000815189,13,41.5,-0.1991771,-0.231874984,-22.5
"279","SMC09162","SMC09162_08/01/11_1",0008-01-11,0.71859295,0.692825004,NA,-6,0,-0.25,-51,NA,NA,NA,2.2984903,-51,1.3625,0.002572161,-5,-28,-0.254,0,-22
"280","SMC09286","SMC09286_06/09/10_1",0006-09-10,0.973336315,1.049590205,NA,-3,-2.20381583,0.001,-70,NA,NA,NA,126.3550667,-3,220.4600417,6.22e-08,46,64,-0.013739567,0.000375,-29.5
"281","SMC09503","SMC09503_06/04/12_1",0006-04-12,0.981810301,1.05149493,NA,0,-0.033624666,-0.00102075,-1,NA,NA,NA,-0.000693453,0,-0.000916833,-2.1e-07,0,0,0.020320734,0.011937667,0
"282","SMC10189","SMC10189_06/24/10_1",NA,0.489064729,0.457060865,NA,-115,-0.002,0,-57,NA,NA,NA,7.435075,-35,3.036437667,2.92e-06,37,62.5,0,0,-26.5
"283","SMC10685","SMC10685_07/01/10_1",0007-01-10,0.591605785,0.50101178,NA,-62.5,0,1.434991667,-68,NA,NA,NA,498.7575268,-21,625.7417917,-0.156449408,-9.5,-53,-2.76,-3.646791667,-31.5
"284","SMC11343","SMC11343_06/04/12_1",0006-04-12,0.750337532,0.742826471,NA,-98,0.49210417,0.830532334,-4,-5,89.29076413,0,8.36879688,-3,26.043125,8.8e-05,0,0,0.041622942,0.002301917,0
"285","SMC11593","SMC11593_06/21/12_1",NA,0.618124119,0.645801789,NA,-4,-0.013895834,-0.003170834,-13,NA,NA,NA,0.07714187,-1,0.12358334,2.14e-05,0,0,0,6.25e-05,-1
"286","SMC11727","SMC11727_06/09/10_1",0006-09-10,0.918164757,0.857771498,NA,0,-0.006989579,-0.012181412,0,0.5,1.484804145,0,-0.011224868,0,-0.014545,1.72e-07,0,0,-0.004546,-0.025184915,0
"287","SMC12246","SMC12246_07/23/13_1",NA,0.757140888,0.601432678,NA,-48,0,0.556945833,-47,NA,NA,NA,174.5558041,-24,76.078625,-0.221668685,35,-6,-2.069875,-0.630020833,-30
"288","SMC12862","SMC12862_06/27/11_1",NA,0.875023345,0.802261,NA,-187,-4.371295,-7.697631,-182,NA,NA,NA,638.8913718,-119,270.8748335,-0.00030542,0,19,-4.119371418,-11.150915,-13
"289","SMC13062","SMC13062_07/23/13_1",NA,1.056575756,1.046310385,NA,-87,-0.089270825,-0.12724375,34,NA,NA,NA,43.06966333,-1,71.83441667,2.24e-05,32,61,-0.0529125,-0.071458334,-22
"290","SMC13214","SMC13214_05/22/13_1",NA,0.497349723,0.440592922,NA,-77.5,0.012075,59.53682094,36.5,NA,NA,NA,1941.461443,36.5,2295.098815,0.050250578,-0.5,12.5,0.427433333,-88.37151875,-13
"291","SMC13599","SMC13599_06/04/12_1",0006-04-12,0.904206162,1.003037838,NA,0,-0.000645833,-0.000968666,0,NA,NA,NA,-0.00064,0,-0.000833167,-3.95e-07,0,0,0.017750183,0.008375016,0
"292","SMC13630","SMC13630_06/21/12_1",NA,0.601153955,0.532093319,NA,126,-0.873637083,0.194168749,-167,NA,NA,NA,936.6080082,-11,398.66825,-5.97e-08,34,70.5,-1.271975,-5.83567,-35
"293","SMC14099","SMC14099_06/13/13_1",NA,0.652814686,0.692991654,NA,-43,0.001,0,-30,NA,NA,NA,25.38864166,-69,10.47504167,3.93e-05,48,76,0,-0.238864592,-29
"294","SMC14218","SMC14218_07/11/12_1",0007-11-12,0.458030281,0.436919411,NA,-12,0,-0.2699,-53,NA,NA,NA,2.25186874,-55,-0.0475333,-0.013588947,-1,8,-2.35,-0.640751665,-8
"295","SMC16266","SMC16266_08/01/11_1",0008-01-11,0.815234167,0.793962202,NA,-12,0,-0.2699,-65,NA,NA,NA,2.94273705,-52,0.2288083,-0.025389908,-1,-3,-2.432,-0.7,-7
"296","SMC16446","SMC16446_06/21/12_1",NA,0.807215171,0.833190628,NA,0,0.15275,0.0230437,-5,NA,NA,NA,4.018279383,-10,11.44441835,2.09e-08,0,-1,0.030425,0.368375,-1.5
"297","SMC16832","SMC16832_06/18/10_2",NA,0.890997233,0.758092249,NA,-0.5,-2.22314583,0.615379,-143,NA,NA,NA,1141.732276,13.5,792.778585,-3.38e-08,-1,64.5,-4.3357165,-3.7790525,-58
"298","SMC16980","SMC16980_07/06/11_1",0007-06-11,0.763262985,0.680302692,NA,9.5,0.027479167,0.009,-18,NA,NA,NA,0.924644417,-62,11.49261002,2.56e-08,0,0,0,0.008114583,-11
"299","SMC18545","SMC18545_06/25/13_1",NA,0.605259624,0.649346632,NA,0,-0.00197917,-0.00263167,0,NA,NA,NA,-0.002834532,0,-0.00279167,-1.31e-07,0,0,0.00231665,0,0
"300","SMC19669","SMC19669_06/12/13_1",0006-12-13,0.61744728,0.752171121,NA,-45,0,0.01,-1,NA,NA,NA,0,-15,0,-0.00982906,0,23,-0.57,-1.239166665,-28
"301","SMC19697","SMC19697_06/24/13_1",NA,0.671275243,0.592282966,NA,NA,0,0,0,NA,NA,NA,9.14745,0,7.7908334,-2.87e-05,0,1,0,0.019958333,-1
"302","SMC19809","SMC19809_06/25/13_1",NA,1.220335584,1.25151438,NA,0,-0.00040625,-0.000702083,0,NA,NA,NA,-0.00079188,0,-0.000708,1.62e-07,0,0,0.019845834,0.011666667,0
"303","SMC19945","SMC19945_06/25/13_1",NA,0.863461689,0.89084662,NA,0,-0.00407275,-0.005610417,0,NA,NA,NA,0.005129324,0,-0.02025,3.12e-06,0,0,-0.003,-0.004875,0
"304","SMC20032","SMC20032_06/18/10_1",NA,0.857560064,0.672716797,NA,24.5,-2.039045,0.293324733,-143,NA,NA,NA,1055.868288,13,766.84773,4.29e-07,-1,62.5,-4.260507415,-4.215282915,-30.5
"305","SMC20497","SMC20497_07/16/13_1",NA,0.496733054,0.459390418,NA,1.5,0.270448501,0.805909584,-14,NA,NA,NA,12.9569006,-14,10.21904167,0.001294744,0,0,0,0.2879167,-4
"306","SMC21822","SMC21822_06/21/10_1",NA,0.373183633,0.298755523,NA,NA,0.019816667,16.43483334,71,NA,NA,NA,1288.984182,71,1160.85721,0.067529467,0,34,2.102025,-899.424375,-9
"307","SMC23495","SMC23495_07/16/13_1",NA,0.6679645,0.791901386,NA,-25,0,0.18,-53,NA,NA,NA,3.402688333,-52,-0.1289917,-0.012244332,-1,0,-2.35,-0.7,-5
"308","SMC24222","SMC24222_06/21/10_1",NA,0.39764941,0.359033454,NA,NA,0.018608333,15.72552083,44,NA,NA,NA,1170.514641,44,1292.90796,0.052182367,0,33,2.115191667,-82.085125,-9
"309","SMC26288","SMC26288_05/12/09_1",0005-12-09,0.63209419,0.553871141,NA,-3,0.020885417,0.018727049,-1,NA,NA,NA,0.011395006,-3,-0.10572917,-1.47e-06,0,6,-5e-04,-1.027833335,-6
"310","SMC26694","SMC26694_07/16/13_1",NA,0.577358005,0.610515486,NA,-46,0,-0.25,-53,NA,NA,NA,1.83731501,-55,0.253375,-0.486052632,0,-3,-1.817,-0.7,-31
"311","SMC26909","SMC26909_05/31/10_1",NA,0.378218202,0.343175349,NA,125.5,-0.02839565,-0.035345837,-19.5,NA,NA,NA,69.68334616,-39,218.8779983,3.86e-08,0,4,-0.218970837,-0.283,-4
"312","SMC27709","SMC27709_05/31/10_1",NA,0.370611135,0.331738538,NA,122,-0.027562484,-0.03428767,-19.5,NA,NA,NA,61.71899408,-39,215.1966667,2.4e-08,0,2,-0.2115166,-0.27462833,-23
"313","SMC29064","SMC29064_06/25/12_1",NA,1.123874406,1.006214503,NA,-1,0,0,-4,NA,NA,NA,-5.35e-05,-4,0,-4.2e-06,0,0,0,0,0
"314","SMC32897","SMC32897_06/21/10_1",NA,0.614264666,0.646566541,NA,NA,0,0,NA,NA,NA,NA,0.595521875,NA,NA,0.387865605,NA,NA,-0.0015,-0.001,NA
"315","SMC34888","SMC34888_06/24/10_1",NA,0.640777236,0.563634597,NA,-4,0.006354166,0,-1,NA,NA,NA,-0.002800817,0,-0.07075,5.32e-07,-1,-1,0,0,-5
"316","SMC35697","SMC35697_06/10/10_1",0006-10-10,0.86678107,0.740013605,NA,NA,0,0,0,NA,NA,NA,21.75479082,0,18.0743335,-0.000131161,0,3,0,0,-3
"317","SMC35837","SMC35837_06/25/12_1",NA,0.680227226,0.804312446,NA,0.5,-0.002468933,-0.004473333,0,NA,NA,NA,0.034052012,0,1.3522925,3.65e-06,0,0,-0.000999998,-0.010250334,0
"318","SMC40887","SMC40887_06/12/13_1",0006-12-13,0.429728333,0.299241865,NA,-101,-0.575530333,-0.573190802,-6,NA,NA,NA,80.60750497,-25,188.18277,-2.45e-06,-80,7.5,-2.306597084,-0.7018575,-0.5
"319","SMCR8_218","SMCR8_218_06/22/09_1",NA,1.252088182,1.223396615,NA,-2,-0.00064585,-0.001093733,0,-3.5,0.190942606,0,-0.001185428,0,-0.004291666,-4.76e-06,0,-3,-0.027233333,-0.001833334,-1
"320","SMCR8_219","SMCR8_219_07/06/09_1",0007-06-09,0.905652761,0.764359071,NA,-9,0,0,0,NA,NA,NA,0,-1,0,-0.0005267,0,0,0,0,-1
"321","SMCR8_474","SMCR8_474_07/05/09_1",0007-05-09,0.96399199,1.008864891,NA,-1,0,0,-1,NA,NA,NA,0,-2,0,-0.002761041,1,-1,0,0,-1
"322","SMCR8_513","SMCR8_513_06/22/09_1",NA,0.800125753,0.811224561,NA,NA,-5e-04,0,-13,NA,NA,NA,-9.48e-05,-6.5,-0.014666666,-4.36e-06,0,-2,0,-0.002166667,2
"323","SMCR8_605","SMCR8_605_07/01/09_1",0007-01-09,0.888459997,0.946285551,NA,-2.5,0.0015625,-0.0008125,0,NA,NA,NA,-0.005805191,-1,-0.012062667,6.05e-06,0,-1,-0.001439587,0.0024479,-5
"324","SMCR8_688","SMCR8_688_07/01/09_2",0007-01-09,1.007896119,1.078734618,NA,0.5,-0.000781267,-0.000504157,0,NA,NA,NA,-0.000375033,0,-0.011416667,9.65e-07,0,-1,-0.00015,-0.009125,0
