"","stationcode","sampleid","sampledate","oovere","mmi","csci","latitude","longitude","DS_Dur_WS","DS_Mag_50","DS_Mag_90","DS_Tim","FA_Dur","FA_Mag","FA_Tim","Q99","SP_Dur","SP_Mag","SP_ROC","SP_Tim","Wet_BFL_Dur","Wet_BFL_Mag_10","Wet_BFL_Mag_50","Wet_Tim"
"1","312PS0099","312PS0099_06142010_BMI_RWB_1","6/14/10",1.11687099,1.07707254,1.09697177,34.77948,-119.95802,0,-0.000270833,-0.000360583,0,NA,NA,NA,-0.000333333,0,-0.000395667,3.59e-07,0,0,-5.83e-05,-0.000229333,0
"2","312WE1028","312WE1028_05292002_BMI_RWB_1.0","5/29/2002",1.28393244,0.73128893,1.00761068,34.74721,-119.71562,0,-1.04e-05,-7.71e-05,-4,NA,NA,NA,-4.17e-05,0,-0.001333333,1.93e-07,0,0,0,0,0
"3","312WE1035","312WE1035_05302002_BMI_RWB_1.0","5/30/2002",0.98393678,1.15885541,1.0713961,34.73287,-119.67637,0,-5.21e-05,-7.29e-05,0,NA,NA,NA,-5.62e-05,0,-0.001625167,-1.42e-06,0,0,0,-4.17e-05,0
"4","314CE0200","314CE0200_05222007_BMI_RWB_1.0","5/22/2007",0.6288809,0.41428521,0.52158305,34.59277,-120.16055,-87,0.525664165,0.538844668,-1,NA,NA,NA,7.824923288,-1,5.88675,2.39e-05,0,0,0.083750017,-0.4632417,-1
"5","314SCCNSY","314SCCNSY_04232014_BMI_RWB_1.0","4/23/2014",0.89242347,0.66812967,0.78027657,34.5967,-119.9088,0,-0.00075,-0.0008772,0,NA,NA,NA,-6.23e-05,0,-0.000875166,3.27e-07,0,0,-5.42e-05,-2.08e-05,0
"6","314SYC","314SYC_04152001_BMI_CSBP_Trans_1.0","4/15/2001",0.97180559,0.7031421,0.83747385,34.58799,-120.02651,0,0,0.0427,0,NA,NA,NA,0.628634585,0,0.86590015,0.000139832,0,0,0,0.253708333,0
"7","314SYL","314SYL_06292011_BMI_RWB_MCM_1.0","6/29/2011",0.87766387,0.69209471,0.78487929,34.64387,-120.43045,86.5,-1.735583334,0.089170833,-2.5,NA,NA,NA,13.98767166,-2,17.40504184,3.33e-07,0,0.5,0.001,0.076520817,-0.5
"8","314SYRASV","314SYRASV_04222014_BMI_RWB_1.0","4/22/2014",0.56495699,0.64710901,0.606033,34.585,-120.1446,-6,0.7229375,0.59314167,-0.5,NA,NA,NA,7.282802914,-4,4.7040418,0.000144347,0,0,0.162852075,-0.302545835,0
"9","314WE0542","314WE0542_07112000_BMI_CSBP_Trans_1.0","7/11/2000",0.9514762,0.82783002,0.88965311,34.55085,-120.3583,-6,0,0.01,-2,NA,NA,NA,0,27,0,-0.029761905,-29,-25,-0.832,1.5,-4
"10","314WE0677","314WE0677_07232008_BMI_RWB_1.0","7/23/2008",0.89663748,1.01038699,0.95351224,34.7477,-120.05303,0,0.001052067,0.00054375,0,NA,NA,NA,-0.000155012,0,-0.000541667,-1.98e-06,0,0,0.000216666,0.001895867,0
"11","314WE0779","314WE0779_07112001_BMI_CSBP_Trans_1.0","7/11/2001",1.18927267,1.02109537,1.10518402,34.66959,-119.75404,0,-0.00029175,-7.08e-05,0,NA,NA,NA,-1.5e-05,0,-0.00019167,0,0,0,-7.92e-05,-0.000166665,0
"12","314WE0796","314WE0796_07102001_BMI_CSBP_Trans_1.0","7/10/2001",1.19030453,1.02732118,1.10881286,34.68351,-119.79875,-3,0.000270667,0,0,NA,NA,NA,-1.49e-05,0,-0.000375,0,0,0,-0.00105,0,-1
"13","314WE1046","314WE1046_06122002_BMI_RWB_1.0","6/12/2002",1.0731463,1.16384957,1.11849793,34.5365,-119.83603,0.5,0,0,-1,NA,NA,NA,0.018471671,-1,0.115375,8.34e-07,0,0,-1.25e-05,-5.21e-05,0
"14","315CE0584","315CE0584_06072006_BMI_RWB_1.0","6/7/2006",1.31696774,0.92584944,1.12140859,34.47666,-120.33833,0,0,-0.000135425,0,NA,NA,NA,0,0,-0.000458333,3.09e-05,0,-2,0,0,0
"15","315GAVGSP","315GAVGSP_05232001_BMI_CSBP_Trans_1","5/23/01",0.61621207,0.61676591,0.61648899,34.47395,-120.22866,NA,0,0,0,NA,NA,NA,0.719908312,0,1.65775,-1.23e-05,0,-2,0,0,0
"16","315MIU","315MIU_04282008_BMI_RWB_1.0","4/28/2008",1.12452999,0.90859651,1.01656325,34.44673,-119.70745,-1,0,0.00140625,0,NA,NA,NA,-0.000664583,-1,0.024125,-2.13e-06,0,-6,-1.311383333,0.003020833,-6
"17","402BA0079","402BA0079_05282008_BMI_RWB_1","5/28/08",0.84225358,0.76776221,0.8050079,34.41183,-119.27418,-3,0.065831665,-0.008568418,-5,NA,NA,NA,4.326902324,-6,13.622825,7.76e-08,0,0.5,0.289007668,0.094478834,-0.5
"18","402BA0095","402BA0095_05292008_BMI_RWB_1","5/29/08",1.32741831,1.10448302,1.21595066,34.46328,-119.34566,0,-8.34e-05,-7.08e-05,0,NA,NA,NA,1.92e-09,0,-0.001708667,6.09e-06,0,0,-2.5e-05,0,0
"19","402BA0143","402BA0143_05212008_BMI_RWB_1","5/21/08",0.75197227,0.58339355,0.66768291,34.36483,-119.31057,-159,-0.005875,-0.114743144,-36,NA,NA,NA,18.70504531,-3,32.0381045,4.35e-08,0,0,-0.04791825,-0.020145834,-3
"20","402BA0287","402BA0287_06092008_BMI_RWB_1","6/9/08",1.06228056,1.01762477,1.03995266,34.50284,-119.36644,0,-0.000427084,-0.000660417,0,NA,NA,NA,-0.000431467,0,-0.000646,3.02e-07,0,0,0.0190416,0.011375167,0
"21","402BA0335","402BA0335_05272008_BMI_RWB_1","5/27/08",0.97330032,0.72707352,0.85018692,34.37965,-119.30751,-97,0.578645665,0.70529733,-5,-5,88.51270352,0,8.250127,-4,25.998,0.00026376,0,0,0.008287483,0.569896167,-3
"22","402WE0536","402WE0536_06142000_BMI_CSBP_Trans_1.0","6/14/2000",1.2958773,1.00804774,1.15196252,34.5196,-119.40537,0,-0.000260416,-0.000402083,-1,NA,NA,NA,-0.000901666,0,-0.0005417,-3.95e-07,0,0,-4.17e-05,-4.16e-05,0
"23","402WE0803","402WE0803_06122001_BMI_CSBP_Trans_1.0","6/12/2001",0.9397929,0.90219327,0.92099308,34.42131,-119.3806,0,-0.00034375,-0.000556133,0,NA,NA,NA,-0.000375,0,-0.000875,2.44e-07,0,0,-0.000141533,-0.000333,0
"24","403BA0015","403BA0015_05192008_BMI_RWB_1","5/19/08",1.02851554,0.98517561,1.00684557,34.5312,-119.18421,0,-1.65e-08,-3.33e-05,0,NA,NA,NA,-6.88e-05,0,-0.000123331,-1.08e-06,0,0,-3.3e-08,-4.17e-05,0
"25","403BA0027","403BA0027_06182014_BMI_RWB_MCM_1","6/18/14",0.95929163,0.90659145,0.93294154,34.66254,-119.05249,0,-6.25e-05,-0.000114596,-2,NA,NA,NA,-0.000416667,0,-0.0013125,1.92e-06,0,0,0,0,0
"26","403BA0171","403BA0171_05192008_BMI_RWB_1","5/19/08",1.00797511,1.07762104,1.04279807,34.58516,-119.28363,-1,-0.004666667,-0.006514583,-4,NA,NA,NA,-0.0027501,0,-0.008833,1.84e-07,0,0,0.028098501,0.103833167,0
"27","403BA0960","403BA0960_05212008_BMI_RWB_1","5/21/08",1.21564701,1.15631671,1.18598186,34.59078,-118.4617,-2,0,0,0,NA,NA,NA,0,-72,0,6.4e-06,0,1,0,0,-1
"28","403CE0188","403CE0188_05262016_BMI_RWB_1","5/26/16",0.97277465,0.87005079,0.92141272,34.35646,-119.04752,-0.5,0.071531233,0.103472917,-0.5,NA,NA,NA,0.613231652,-7,1.8791875,0.000314215,0,0,0.002408334,-0.022729183,-1
"29","403PRCSFD","403PRCSFD_04212014_BMI_RWB_1.0","4/21/2014",0.97546185,0.57347489,0.77446837,34.4603,-118.752,-8,0.131833333,-0.010918748,0,0.5,3.092353697,0,1.438252079,0,-0.020083168,-6.3e-07,0,0,0.048704173,0.029104184,-1
"30","403S00640","403S00640_06112009_BMI_RWB_1","6/11/09",0.83594331,0.9697914,0.90286736,34.60115,-118.558,-1,-0.0131665,-0.0058835,-1,NA,NA,NA,-0.009166767,-2,-0.04233333,-1.4e-05,0,-3,-0.013833333,0.0299585,-4
"31","403S00831","403S00831_06102010_BMI_RWB_1","6/10/10",0.50063777,0.49407019,0.49735398,34.43048,-118.8318,0,0.0278229,0.0079603,-9,NA,NA,NA,-0.000279283,0,-0.000729167,5.52e-08,0,0,0.000562483,-0.000124967,0
"32","403S00875","403S00875_06242010_BMI_RWB_1","6/24/10",0.81519658,0.75985826,0.78752742,34.55668,-119.30629,0,7.5e-10,1.25e-05,0,NA,NA,NA,0.000154266,0,0.00035167,-1.82e-07,0,0,0,3e-09,0
"33","403S01195","403S01195_06102009_BMI_RWB_1","6/10/09",0.84471377,0.81192753,0.82832065,34.55903,-119.2678,0,-0.01548,-0.024716665,0,NA,NA,NA,0.3911124,0,-0.007833,4.94e-07,0,0,-0.005575333,0.03052,0
"34","403S01536","403S01536_07122011_BMI_RWB_1","7/12/11",1.14601236,0.81793441,0.98197339,34.56909,-118.39212,-2,0,0.1,-2,NA,NA,NA,0,27,0,-0.029761905,-29,-25,-0.832,1.5,-4
"35","403S01707","403S01707_06072010_BMI_RWB_1","6/7/10",0.80468203,0.6366526,0.72066732,34.59835,-119.34799,0,0.000645834,-0.004837467,0,NA,NA,NA,0.006053833,0,-0.014335835,4.33e-08,0,0,0.007116567,0.029614583,0
"36","403S01728","403S01728_07132011_BMI_RWB_1","7/13/11",1.33194284,1.18519979,1.25857131,34.5749,-118.46002,-4,0.01,0,-42,NA,NA,NA,0.4165,-43,1.0625,0.045833333,0,41,0,1.6,0
"37","403S02363","403S02363_06162011_BMI_RWB_1","6/16/11",1.12084272,1.03018274,1.07551273,34.55885,-119.15456,0,-0.011125,-0.022937497,0,NA,NA,NA,0.54131324,0,-0.00837333,-6.11e-08,0,0,-0.0080765,-0.01613,0
"38","403S03643","403S03643_06242010_BMI_RWB_1","6/24/10",0.98566524,1.03553065,1.01059794,34.56213,-119.12891,0,0.003565407,-0.017475334,0,NA,NA,NA,0.373248312,0,-0.00833667,1.66e-07,0,0,0.01115,0.087,0
"39","403S05291","403S05291_06072010_BMI_RWB_1","6/7/10",1.27320413,0.96709257,1.12014835,34.56397,-119.26305,0,-0.011820418,-0.022122917,0,NA,NA,NA,0.33355955,0,-0.007042,6.19e-07,0,0,-0.012049664,0.02900333,0
"40","403S06139","403S06139_06272012_BMI_RWB_1","6/27/12",0.42262585,0.59795477,0.51029031,34.55464,-119.2405,0,-0.013595,-0.024234749,0,NA,NA,NA,0.512826324,0,-0.00858667,-2.5e-08,0,0,-0.009710333,-0.01927085,0
"41","403S06315","403S06315_06272012_BMI_RWB_1","6/27/12",1.07947936,0.75735263,0.918416,34.59223,-119.31033,-1,0.009875001,-0.0047625,-3,NA,NA,NA,-0.011375,0,-0.013398335,-8.43e-07,0,0,0.056800133,0.1001475,0
"42","403S07024","403S07024_06132012_BMI_RWB_1","6/13/12",0.33377852,0.37787701,0.35582777,34.6092,-118.75771,-1,0.119520917,0.030583165,-1,0.5,7.473349629,-4.5,0.553823167,-1,-0.1807475,-3.68e-08,0,0,0.052533334,0.096479167,-1
"43","403S07227","403S07227_06272012_BMI_RWB_1","6/27/12",0.6328693,0.70403328,0.66845129,34.56208,-119.16664,0,-0.01160625,-0.021950002,0,NA,NA,NA,0.493647,0,-0.00796167,5.06e-07,0,0,-0.007663664,-0.01553833,0
"44","403S16332","403S16332_06262013_BMI_RWB_MCM_1","6/26/13",0.64045402,0.59065022,0.61555212,34.5317,-118.75812,-8,0.221093917,0.270152088,0,0.5,-51.47162714,-30.5,1.60580612,0,-0.35112085,1.81e-07,0,0,0.067374987,-0.416125,0
"45","403SPCNWS","403SPCNWS_04222014_BMI_RWB_1.0","4/22/2014",1.2659606,0.95852337,1.11224199,34.5778,-119.2579,0,0.000959997,-0.016337086,0,0.5,1.609554323,0,0.56964,0,-0.004708333,2e-06,0,0,-0.0057275,0.045413335,0
"46","403STC009","403STC009_02052003_BMI_CSBP_Trans_1.0","2/5/2003",0.94126852,1.11768381,1.02947617,34.53833,-118.75889,-9,0.1069375,0.272474494,0,0.5,-49.07292908,-30.5,1.59628676,0,-0.36356265,-5.69e-09,0,0,0.069558347,-0.4508542,0
"47","403STC019","403STC019_02042003_BMI_CSBP_Trans_1.0","2/4/2003",0.69195148,0.34388437,0.51791793,34.42556,-118.57917,-78,0,-0.51,-31,NA,NA,NA,118.9849531,-32,83.26608333,0.024085301,0,0,0.03,-0.1,-8
"48","403STC070","403STC070_02052003_BMI_CSBP_Trans_1.0","2/5/2003",1.25845737,0.96232607,1.11039172,34.56667,-119.26278,0,-0.011135,-0.021779171,0,NA,NA,NA,0.238084988,0,-0.006500333,-9.06e-08,0,0,-0.011815833,0.05641333,0
"49","403WE0501","403WE0501_05142013_BMI_RWB_1","5/14/13",0.87303191,0.79137978,0.83220584,34.54172,-118.77286,0,0,0,0,NA,NA,NA,0,0,0,0,0,0,0,0,0
"50","403WE0534","403WE0534_05232016_BMI_RWB_1","5/23/16",1.16092004,0.71140243,0.93616124,34.61359,-118.77983,-80,0.117010417,0.0629625,0,NA,NA,NA,0.418680625,0,-0.39626585,3.54e-07,0,0,0.034129167,0.0700417,-1
"51","403WE0540","403WE0540_05172017_BMI_RWB_1","5/17/17",0.99305801,0.75642474,0.87474137,34.65136,-119.11845,0,-0.003635408,-0.001033322,0,NA,NA,NA,-0.000136667,0,-0.00062333,-2.4e-06,0,0,-0.000500003,-0.00175,0
"52","403WE0558","403WE0558_06282000_BMI_CSBP_Trans_1.0","6/28/2000",0.98862444,0.98281226,0.98571835,34.49347,-118.45703,-5,0.01,0,-9,-2.5,1.202695398,-22.5,0.432166667,-36,0.883333333,-0.000781987,40,0,1.15,0.2,0
"53","403WE0560","403WE0560_05092019_BMI_RWB_1.0","5/9/2019",0.82164087,0.8007002,0.81117054,34.55841,-119.14079,0,-0.01097917,-0.022558335,0,NA,NA,NA,0.54350176,0,-0.00833333,4.71e-07,0,0,-0.00803883,0.007,0
"54","403WE0682","403WE0682_05252016_BMI_RWB_1","5/25/16",0.97340199,0.78646633,0.87993416,34.57066,-118.38974,-2,0,0.1,-2,NA,NA,NA,0,27,0,-0.029761905,-29,-25,-0.832,1.5,-4
"55","403WE0683","403WE0683_05152013_BMI_RWB_1","5/15/13",1.25750981,1.24309223,1.25030102,34.43952,-119.07616,0,0.00046875,8.25e-09,0,NA,NA,NA,-0.0003876,0,-0.000354333,2.21e-07,0,0,0.0021081,0.0011875,0
"56","403WE0795","403WE0795_06062001_BMI_CSBP_Trans_1.0","6/6/2001",1.07397954,1.09907657,1.08652805,34.6408,-119.08094,0,0.000645834,-0.0001397,-0.5,NA,NA,NA,-0.000333333,0,-0.000854,2.21e-07,0,0,-8.33e-05,0.00116665,0
"57","403WE0809","403WE0809_06052001_BMI_CSBP_Trans_1.0","6/5/2001",1.21091339,1.2855754,1.24824439,34.5515,-119.20811,0,-0.00117725,-0.001377083,0,NA,NA,NA,-0.00051512,0,-0.001917,-3.47e-06,0,0,-0.00035836,-0.000937167,0
"58","403WE0891","403WE0891_06142001_BMI_CSBP_Trans_1.0","6/14/2001",1.03599591,1.03300517,1.03450054,34.65926,-119.14255,NA,2.08e-05,3.33e-05,0,NA,NA,NA,5.32e-05,0,0.000710835,-5.1e-07,0,0,1.32e-08,4.15e-05,0
"59","403WE0905","403WE0905_06072018_BMI_RWB_1.0","6/7/2018",0.70939183,0.5064333,0.60791256,34.55734,-119.24876,0,-0.01074125,-0.022345835,0,NA,NA,NA,0.42365,0,-0.00842,-1.01e-06,0,0,-0.00979667,-0.02254667,0
"60","403WE1027","403WE1027_05162017_BMI_RWB_1","5/16/17",0.7016109,0.73111317,0.71636204,34.72654,-119.02842,-9,0,0.1,-2,NA,NA,NA,0,-2,0,-0.029761905,0,4,0.2,1.5,-4
"61","404BA0084","404BA0084_06042008_BMI_RWB_1","6/4/08",1.18093997,0.97707689,1.07900843,34.09079,-118.94926,-81,0,0.097083333,-53,NA,NA,NA,0.003348333,-59,-0.124045,-0.396942963,-2,-1,-1.067325,0.2,-6
"62","404BA0376","404BA0376_06052008_BMI_RWB_1","6/5/08",1.13662308,0.7995555,0.96808929,34.11648,-118.66164,-62,0,0.3233,-53,NA,NA,NA,0.127804167,-58,0.230541667,-0.797812008,-9,4,-0.24505,0.2,-12
"63","404BA0526","404BA0526_06042008_BMI_RWB_1","6/4/08",1.14474267,0.9656215,1.05518208,34.04298,-118.87219,-61,0,0.363333334,-53,NA,NA,NA,0.01576,-59,0.210708333,-0.75547407,0,-18,-1.8021625,0.2,-2
"64","404BA0616","404BA0616_06032008_BMI_RWB_1","6/3/08",0.87309251,0.60907211,0.74108231,34.17453,-118.69879,-2,0,0.1,-2,NA,NA,NA,0,27,0,-0.029761905,-29,-25,-0.832,1.5,-4
"65","404BA0852","404BA0852_06032008_BMI_RWB_1","6/3/08",0.91563561,0.90199033,0.90881297,34.07877,-118.82037,-61,0,0.355841667,-53,NA,NA,NA,0.092072917,-3,0.231041667,-0.623253295,-2,-29,-2.044320833,0.2,-8
"66","404BA0964","404BA0964_06042008_BMI_RWB_1","6/4/08",0.66784033,0.90600017,0.78692025,34.06133,-118.9649,-61,0,0.3542875,-53,NA,NA,NA,0.046497917,-56,0.215666667,-0.701408451,-2,-9,-2.0697625,0.2,-4
"67","404BA1144","404BA1144_06102008_BMI_RWB_1","6/10/08",1.29635419,0.91856489,1.10745954,34.06064,-118.63755,-62,0.000283334,0.3755125,-53,NA,NA,NA,0.079101667,-57,0.40870833,-0.770003174,-2,-6,-2.069833334,-0.124125,-8
"68","404CE0316","404CE0316_07242007_BMI_RWB_1.0","7/24/2007",0.42953167,0.32934575,0.37943871,33.99722,-118.4025,-50.5,0.401127084,1.16664375,-88,-1.5,832.4031917,-35,840.5696388,-50,644.6209332,1.25e-06,43.5,93.5,-0.000941667,-39.431425,-56
"69","404S00808","404S00808_06222010_BMI_RWB_1","6/22/10",0.58896347,0.40734668,0.49815508,34.11411,-118.77907,-39,0,0.086429167,-50,NA,NA,NA,26.46414583,-82,18.83879167,-0.284038721,21,50,-2.76,-0.698916667,-77
"70","404S01128","404S01128_06232010_BMI_RWB_1","6/23/10",0.60968734,0.6197525,0.61471992,34.1039,-118.71271,-111,0,0.211666667,-52,NA,NA,NA,12.34711875,-80,2.28925,-0.627586195,-2,25,-2.045658333,-0.7,-10
"71","404S02920","404S02920_05122009_BMI_RWB_1","5/12/09",0.60294547,0.45820303,0.53057425,34.17748,-118.767,-13,0,0.369,-3,NA,NA,NA,0.99865,-16,-1.921041667,-0.469795425,25.5,36.5,-2.248916967,-0.150666667,-38
"72","404S03048","404S03048_05132009_BMI_RWB_MCM_1","5/13/09",0.97881247,0.50549524,0.74215385,34.18426,-118.79089,-75,0,0.227466667,-1,NA,NA,NA,0.318761667,-57,0.20475,-0.639421732,-1,13,-2.07,0.2,-33
"73","404S06456","404S06456_05142009_BMI_RWB_1","5/14/09",1.08350961,0.88735875,0.98543418,34.06463,-118.58685,-83,0,0.40325,-53,NA,NA,NA,1.508665,-74,0.382833333,-0.34740626,-2,-6,-0.027,-0.693,-36
"74","404S08040","404S08040_05122009_BMI_RWB_MCM_1","5/12/09",0.45596072,0.31891106,0.38743589,34.14358,-118.75527,-17.5,0,-0.34,-26,NA,NA,NA,14.5443,-19,3.252083333,-0.254685933,21,33.5,-2.058533333,-0.7,-20.5
"75","404S08616","404S08616_05132009_BMI_RWB_MCM_1","5/13/09",0.58140572,0.31196921,0.44668746,34.12188,-118.7924,18,0.06,-0.4,-93,NA,NA,NA,16.55860167,-55,15.13683333,0.121399896,-45,21,0.03,-0.1,-10
"76","404S08846","404S08846_06222010_BMI_RWB_1","6/22/10",0.99158429,0.91038558,0.95098493,34.05442,-118.58176,-82,0,0.364341666,-8,NA,NA,NA,1.643105,-60,-3.087458333,-0.276191377,-2,28,-1.9467875,-0.444666667,-33
"77","404S11880","404S11880_06072011_BMI_RWB_1","6/7/11",0.77847125,0.59700165,0.68773645,34.12529,-118.70827,-31,0,0.33925002,-14,NA,NA,NA,9.484143332,-60,5.1200083,-0.034058569,-2,33.5,-1.942291667,-1.769375,-13
"78","404S13416","404S13416_06082011_BMI_RWB_1","6/8/11",0.91022292,0.61911187,0.76466739,34.09875,-118.71594,-77,0,0.346916667,-71,NA,NA,NA,14.00551667,-26,2.422875,-0.590161061,9,29,-3.030929167,-0.7,-12
"79","404S14952","404S14952_06152011_BMI_RWB_MCM_1","6/15/11",0.54496177,0.45783839,0.50140008,34.14268,-118.70089,-81,0,0.2737125,-66,NA,NA,NA,4.625938333,-21,0.267416667,-0.406060606,-8,24,-1.774375,0.185958333,-38
"80","404S16516","404S16516_05182009_BMI_RWB_1","5/18/09",0.61217202,0.59635442,0.60426322,34.12998,-118.75648,-21,0.048458333,0.369345832,-33,7,15.27580761,-19.5,32.23868333,-31,18.35396,2.44e-06,32,45,0.057279167,0.023645833,-20
"81","404S17266","404S17266_05192009_BMI_RWB_1","5/19/09",0.80328807,0.55965578,0.68147192,34.10741,-118.7118,-81,0,0.212495834,-43,NA,NA,NA,11.89824167,-21,1.514041667,-0.629456001,-2,0,-2.012625,-0.7,-10
"82","404S17664","404S17664_05202009_BMI_RWB_1","5/20/09",0.61386252,0.52520388,0.5695332,34.14994,-118.6976,-88,0,0.202191667,-64,NA,NA,NA,3.396354532,-74,0.582125,-0.567470168,-2,26,-0.926533333,-0.58629,-43
"83","404S22464","404S22464_05192009_BMI_RWB_1","5/19/09",0.62048115,0.50348232,0.56198173,34.12676,-118.70685,-11.5,0,0.354129166,-71,NA,NA,NA,10.24627667,-9,0.514375,-0.450244198,-1,24,-2.7599375,-0.7,-53
"84","404S25668","404S25668_06232010_BMI_RWB_1","6/23/10",0.45160413,0.66033222,0.55596817,34.12139,-118.70914,-81,0,0.352575,-71,NA,NA,NA,10.15873,-18,0.638791667,-0.458840527,-1,23,-2.028033333,-0.7,-47
"85","404S26868","404S26868_06262012_BMI_RWB_1","6/26/12",0.75093391,0.71165834,0.73129612,34.09675,-118.71737,-23,0.000441667,0.2430625,-67,NA,NA,NA,9.67999833,-76,1.468541667,-0.590855754,0,27,0.02,-5.3548125,-56
"86","404S28068","404S28068_06202012_BMI_RWB_1","6/20/12",0.65591767,0.56609057,0.61100412,34.13936,-118.70366,-81,0,0.201791667,-61,NA,NA,NA,4.120416667,-19,0.269875,-0.397758412,-8,28,-1.181641667,-0.154083334,-43
"87","404S28270","404S28270_06182012_BMI_RWB_1","6/18/12",0.61848048,0.51923379,0.56885714,34.13663,-118.75725,-59.5,0.011510417,0.008220833,-4,7,14.05266001,-19,26.82958879,-34.5,2.95608333,6e-06,35.5,76.5,0,0.000627083,-30.5
"88","404S32468","404S32468_06262012_BMI_RWB_1","6/26/12",0.76755326,0.5275603,0.64755678,34.0999,-118.72304,-46.5,0,-0.034516667,-72,NA,NA,NA,64.76121,-22,36.2636667,-0.407691803,21,42.5,-2.737991667,-0.649666667,-33.5
"89","404S34120","404S34120_06212012_BMI_RWB_1","6/21/12",0.74064526,0.43919335,0.5899193,34.16558,-118.78918,-41,-0.001,0.005258307,-7.5,NA,NA,NA,4.802558213,-50,2.290520834,1.03e-05,39.5,79.5,0,0,-37
"90","404S35270","404S35270_06202012_BMI_RWB_1","6/20/12",0.90200056,0.6416907,0.77184563,34.13325,-118.70656,-21,0,0.284208334,0,NA,NA,NA,8.41879167,-77,0.518666667,-0.336843456,-1,25.5,-2.7599375,-0.078958334,-13
"91","404S45622","404S45622_06032013_BMI_RWB_1","6/3/13",1.14528188,0.85645776,1.00086982,34.06149,-118.58534,-104,0,0.382875,-53,NA,NA,NA,1.559548333,-56,0.363875,-0.342611105,-1,-6,-3.437312501,-0.4866875,-4
"92","405CE0280","405CE0280_07022018_BMI_RWB_1","7/2/18",1.14791261,0.65157175,0.89974218,34.23041,-117.74981,0,-0.000729334,-0.000525007,0,NA,NA,NA,-0.000297511,0,-0.00025,0,0,0,0,3.11e-05,0
"93","405PS0030","405PS0030_07082015_BMI_RWB_1","7/8/15",1.06476871,0.6488247,0.8567967,34.23487,-117.80523,NA,0.007250033,0.00104164,0,NA,NA,NA,-0.000833137,0,-0.0095185,-7.97e-07,0,0,0,0.0004375,0
"94","405WE0777","405WE0777_06202001_BMI_CSBP_Trans_1.0","6/20/2001",1.22327116,1.13960863,1.1814399,34.25461,-118.08523,-6,0.01,0,2,NA,NA,NA,0.037770834,0.5,0.043748334,0.011171189,0,2.5,0.00875,0,0
"95","407CE0092","407CE0092_04272004_BMI_RWB_1.0","4/27/2004",0.41624258,0.25231408,0.33427833,34.27931,-119.22089,-46,-0.202,-0.1,-16,NA,NA,NA,0.0529125,-38,0.109833333,-0.260172772,64,4,-0.1,0,-32
"96","407CE0668","407CE0668_05222007_BMI_RWB_1.0","5/22/2007",0.42148706,0.27129589,0.34639148,34.28231,-119.21909,-46,-0.202,-0.1,-16,NA,NA,NA,0.0529125,-38,0.109833333,-0.260172772,64,4,-0.1,0,-32
"97","408BA0660","408BA0660_04272017_BMI_RWB_1","4/27/17",0.6407612,0.44047644,0.54061882,34.26784,-118.93781,166,-0.1096875,0.026367,-123.5,NA,NA,NA,207.8450729,-79,100.0962913,-3.21e-05,-133,-10,-0.494441334,-0.496208333,-157
"98","408BA0836","408BA0836_06042014_BMI_RWB_MCM_1","6/4/14",0.49921918,0.55818325,0.52870122,34.19071,-119.0051,161.5,-0.2711665,-0.215308333,-110.5,NA,NA,NA,230.5497117,-52.5,128.741625,-2.26e-05,-137,-29,-0.387408134,-0.55525,28
"99","408BA0916","408BA0916_05082008_BMI_RWB_1","5/8/08",0.98677149,0.58187625,0.78432387,34.23266,-118.95311,166,-0.208104334,-0.221645833,-123.5,NA,NA,NA,155.4699034,-57.5,222.579125,-2.71e-05,-132,-27,-0.397999667,-0.574771167,3
"100","408CAL012","408CAL012_10302001_BMI_CSBP_Trans_1.0","10/30/2001",0.72560687,0.56052818,0.64306753,34.27242,-118.78131,57,-0.022875,-0.042912497,-177,NA,NA,NA,28.6000533,0,37.2253833,-1.67e-06,-1,19,-0.03345,-0.020854184,-9
"101","408PS0032","408PS0032_05212008_BMI_RWB_MCM_1","5/21/08",0.68520605,0.56951694,0.6273615,34.1688,-119.05743,162.5,-0.2850625,-0.116529167,-123,NA,NA,NA,375.0412211,-80,312.4383767,-3.48e-05,-135,-11.5,-0.864128833,-0.92441833,23
"102","408WE0547","408WE0547_07122000_BMI_CSBP_Trans_1.0","7/12/2000",0.57187598,0.51179083,0.5418334,34.19094,-119.0859,NA,-0.196625,-0.1238333,-95,NA,NA,NA,0,NA,0,7.18e-05,NA,NA,-0.0015,-5e-04,NA
"103","408WE0654","408WE0654_06132001_BMI_CSBP_Trans_1.0","6/13/2001",0.57911292,0.51681686,0.54796489,34.16522,-119.09069,NA,0.006333334,0.01415,-51,NA,NA,NA,0.1034225,-104.5,17.32612483,-4.73e-07,-8.5,13,0,0,-21.5
"104","408WE1039","408WE1039_05072002_BMI_RWB_1.0","5/7/2002",0.266129,0.24113287,0.25363094,34.14743,-119.087,38,0.099,0,-39,1,0.043772321,2,0,-40,0,-1.86e-05,-1,-1,0,1.491,0
"105","410CE0284","410CE0284_05042006_BMI_RWB_1.0","5/4/2006",0.58436246,0.29342549,0.43889397,34.14944,-119.19111,-95,-0.306958317,-0.454843762,29.5,NA,NA,NA,52.22989168,-3,47.35266667,-0.002193041,19,62,-0.31061253,-0.373937517,-84
"106","412CE0104","412CE0104_07192005_BMI_RWB_1.0","7/19/2005",0.75379903,0.47239027,0.61309465,34.06911,-118.22324,-4.5,-17.63474,-25.973977,11.5,NA,NA,NA,1206.379647,10,983.108125,-4.28e-07,-3,15,-12.73710633,-27.70195833,-94
"107","412CE0616","412CE0616_07162015_BMI_RWB_MCM_1","7/16/2015",0.76142899,0.55592946,0.65867922,34.15397,-118.42994,-20,-7.843979165,-12.34205058,-194,NA,NA,NA,771.8364666,-54,525.21625,-5.06e-07,0,41,-5.208848999,-12.3069975,-7
"108","412CE0732","412CE0732_09022015_BMI_RWB_MCM_1","9/2/2015",0.73130262,0.44803296,0.58966779,34.15513,-118.31261,-207,-7.74019625,-13.03150658,-185,NA,NA,NA,834.8050782,-20,975.6306663,1.1e-07,-1,12,-5.966533332,-7.835505,-88
"109","412WE0552","412WE0552_08022018_BMI_RWB_1","8/2/18",0.93327878,0.57819127,0.75573503,34.23908,-118.18059,-34,0.01,0,-2,NA,NA,NA,0.068416672,-43,0.7125,0.008368774,0,-10,0.12,0,0
"110","412WE0563","412WE0563_06212001_BMI_CSBP_Trans_1.0","6/21/2001",1.25215141,1.05945887,1.15580514,34.34716,-118.04869,-1,0,-6.66e-08,-8,NA,NA,NA,0,-10,0,0,0,-2,0,0,0
"111","481S05856","481S05856_06132013_BMI_RWB_1","6/13/13",1.33319724,1.1046872,1.21894222,34.19152,-117.67601,NA,0,0,0,NA,NA,NA,-0.000402117,NA,-0.047000003,1.59e-05,NA,NA,-0.01075,-0.007437833,NA
"112","722ABSPPC","722ABSPPC_04132015_BMI_RWB_1","4/13/15",1.13904804,0.71047081,0.92475942,33.27851,-116.42925,NA,0.001354166,0.00029166,0,NA,NA,NA,0.001351667,0,-0.000541667,4.11e-06,0,0,0,0,0
"113","722PS0535","722PS0535_04082015_BMI_RWB_1","4/8/15",1.16765702,0.61824308,0.89295005,33.36921,-116.42223,0,0.000854167,0.00153125,0,NA,NA,NA,0,NA,0,0,NA,NA,-0.000500166,0,0
"114","722PS0611","722PS0611_06082010_BMI_RWB_1","6/8/10",0.58976735,0.67270937,0.63123836,33.11256,-116.4447,NA,0.014458175,7.08e-05,0,NA,NA,NA,-0.003053355,0,-0.031,2.57e-07,0,3,0.003,0.006375,-3
"115","801CE0152","801CE0152_07202005_BMI_RWB_1.0","7/20/2005",1.19101592,0.90088726,1.04595159,34.18783,-117.1803,-4,-0.005520825,-0.003268755,-2,NA,NA,NA,0.02854375,-3,0.051979167,-1.39e-05,-1,-1,-0.00585,0.018125,0
"116","801LYC271","801LYC271_06102014_BMI_RWB_1","6/10/14",1.09673446,0.80212795,0.94943121,34.22931,-117.47362,0.5,0.005749999,-9.38e-05,0,NA,NA,NA,-0.001541657,0,-0.05891917,4.64e-07,0,2,0.00075,0.005437517,-2
"117","801MIC042","801MIC042_06092014_BMI_RWB_1","6/9/14",0.39845887,0.41813884,0.40829885,33.94623,-117.61423,150.5,-0.654010583,-0.450560617,-97,NA,NA,NA,141.8466912,-120,86.99510417,-8.17e-05,-27,-5.5,-0.6994436,-0.841719,27
"118","801RB8501","801RB8501_06182013_BMI_RWB_1.0","6/18/2013",1.15655341,0.73243156,0.94449249,34.09189,-116.94243,2,0.001666667,0.0195625,0,NA,NA,NA,0.006523958,-50,0,8.6e-07,0,-2,0,0,1
"119","801S08727","801S08727_06052013_BMI_RWB_1","6/5/13",1.04471789,0.93890552,0.9918117,34.2171,-117.46178,1,0.1,0.1,12,NA,NA,NA,0,12,0,-0.02,0,-1,0,0,1
"120","801WE0550","801WE0550_06272000_BMI_CSBP_Trans_1.0","6/27/2000",1.18077658,1.17389704,1.17733681,34.16471,-116.97444,0,-0.03893833,-0.04796,0,-16,1.343068342,0,0.347128676,0,-0.04008,5.26e-07,0,0,-0.048000167,-0.04766667,0
"121","801WE0669","801WE0669_06262001_BMI_CSBP_Trans_1.0","6/26/2001",1.20607311,1.26437108,1.23522209,34.23169,-116.99915,-27,0,0.0418875,-57,NA,NA,NA,34.53513499,-61,29.9225,-0.015229684,0,16,-0.23,-9.5090417,-88
"122","801WE0674","801WE0674_05142013_BMI_RWB_1","5/14/13",1.21294887,1.16850057,1.19072472,34.17617,-116.9839,-4,0,-0.000570866,-7,NA,NA,NA,0,-4,0,-1.23e-05,0,-2,0,0,-1
"123","801WE0989","801WE0989_06182002_BMI_RWB_1.0","6/18/2002",0.84725623,0.62846723,0.73786173,33.91889,-117.60776,1.5,-0.035,-2.1,-29,NA,NA,NA,1232.210264,-40,700.3489583,0.085268224,0,17.5,-0.5,-2.1,-19.5
"124","801WE1008","801WE1008_06292016_BMI_RWB_1","6/29/16",0.89480661,0.7446729,0.81973976,34.18128,-116.91197,2,0.1,0.1,12,NA,NA,NA,0,12,0,-0.02,0,-2,0,0,2
"125","801WE1013","801WE1013_05152002_BMI_RWB_1.0","5/15/2002",1.13294902,0.9501494,1.04154921,34.10098,-117.01071,-1,-0.01,-0.010716533,-1,NA,NA,NA,0.010421167,-1,-0.020125,6.15e-06,0,-5,-0.003866667,-0.004374667,0
"126","801WE1020","801WE1020_06142005_BMI_CSBP_Comp_1.0","6/14/2005",0.62480521,1.03102943,0.82791732,34.25257,-117.53174,0,0,0,0,NA,NA,NA,0,0,-4.33e-05,-1.14e-08,0,0,0,0,0
"127","801WE1032","801WE1032_06042002_BMI_RWB_1.0","6/4/2002",0.65599068,0.62548919,0.64073994,33.96165,-117.50039,NA,0.002316667,3.863271167,69,NA,NA,NA,531.373172,69,2484.033541,0.106293693,-1,7,0.369025,195.5097,-7
"128","801WE1043","801WE1043_05012007_BMI_TRC_1.0","5/1/2007",0.88164681,1.15220422,1.01692551,34.17289,-117.18064,-5,-0.013854167,-0.0132833,-1,NA,NA,NA,-0.001,0,-0.011,0.000476911,-1,-5,-0.011479233,-0.009479167,-5
"129","801WE1127","801WE1127_06132002_BMI_RWB_1.0","6/13/2002",1.12050252,1.24086963,1.18068608,34.18401,-117.25876,-4,-0.00998925,-0.017370933,-8,0,0.460383734,-1,0.026267,-2,0.263270837,2.88e-05,-0.5,-3,-0.000975,-0.001,-6
"130","801WE1132","801WE1132_04202015_BMI_RWB_1","4/20/15",1.11545892,1.14749908,1.131479,34.13332,-116.84289,-2,0,0,-47,NA,NA,NA,0.001065,-47,0.001625,-0.000227264,0,0,0,0,0
"131","802SJR116","802SJR116_06122014_BMI_RWB_1","6/12/14",0.87349684,0.39144727,0.63247206,33.66396,-117.2787,124,-0.028208334,-0.03509587,-19.5,NA,NA,NA,68.2881251,-38,219.6307092,9.75e-08,0,2,-0.218583332,-0.281708335,-23
"132","802WE0539","802WE0539_07192000_BMI_RWB_1.0","7/19/2000",0.89948414,0.89855991,0.89902203,33.77174,-116.7696,-1,-0.000375166,-0.001512433,0,0,0.110410467,0,-0.00291,0,-0.003,2.14e-06,0,-2,-0.001741667,-0.002417,-1
"133","802WE0658","802WE0658_04212015_BMI_RWB_1","4/21/15",1.01523621,0.89775454,0.95649537,33.79824,-116.74831,-1,-0.000666666,-0.0016,-1,2,0.50330726,0,0.00984742,-1,-0.005666333,-8.32e-07,0,-2,-0.0019918,-0.006666667,-1
"134","802WE0794","802WE0794_05102001_BMI_RWB_1.0","5/10/2001",0.93697443,0.82507825,0.88102634,33.72962,-116.6735,0,1.67e-07,0,0,NA,NA,NA,0,0,0,0,0,-1,-3.33e-07,-3.33e-07,0
"135","901ATCDOS","901ATCDOS_04292014_BMI_RWB_1.0","4/29/2014",0.85606514,0.42102116,0.63854315,33.49825,-117.66601,-75,0.007,0.0886,-17,NA,NA,NA,101.2996384,-60,-1.27245667,6.33e-05,75,93,-9e-04,9e-04,-7
"136","901DCCSMC","901DCCSMC_05162011_BMI_RWB_1","5/16/11",1.17584545,1.08280734,1.1293264,33.47303,-117.4659,NA,0.05050025,0.025783333,-30,NA,NA,NA,-0.004891666,0,-0.004958667,-3.35e-07,-1,-1,0.068683333,0.039770867,0
"137","901S00313","901S00313_04302009_BMI_RWB_1","4/30/09",0.78222348,0.5596484,0.67093594,33.60642,-117.44623,-9,0,0.01,-2,0,0.22561923,0,0,26,0,-0.029761905,-29,-25,-0.832,1.5,-4
"138","901S00997","901S00997_05142009_BMI_RWB_1","5/14/09",0.56525695,0.3720908,0.46867387,33.44002,-117.61937,-39,0.0015,0,5,NA,NA,NA,17.15970004,-59,2.78475,3.82e-05,73,112.5,0,-0.784292,-25.5
"139","901S01705","901S01705_05092017_BMI_RWB_1","5/9/17",1.07855517,0.89395534,0.98625526,33.60369,-117.51,0,-2.08e-05,-3.33e-05,0,NA,NA,NA,-4.17e-05,0,-5e-04,1.06e-06,0,0,-2.08e-05,0,0
"140","901S01811","901S01811_05072009_BMI_RWB_1","5/7/09",0.89413886,0.43343419,0.66378652,33.56418,-117.71792,-64,0.019458333,0.0159,-38,NA,NA,NA,77.01663333,-32,31.50525,4.43e-06,34,70,-1.193574667,-1.490645833,-25
"141","901S01849","901S01849_05102017_BMI_RWB_1","5/10/17",1.19172239,1.03686062,1.11429151,33.55523,-117.39779,-2,0,0.1,-2,NA,NA,NA,0,27,0,-0.029761905,-29,-25,-0.832,1.5,-4
"142","901S04409","901S04409_05192011_BMI_RWB_1","5/19/11",1.02084484,0.8790989,0.94997187,33.60347,-117.45314,-9,0,0.01,-2,0,0.201759182,-0.5,0,27,0,-0.029761905,-29,-25,-0.832,1.5,-4
"143","901S06851","901S06851_05192011_BMI_RWB_1","5/19/11",0.90864304,0.47509683,0.69186994,33.55052,-117.67542,-78.5,0.010208334,0.012108333,20,NA,NA,NA,56.77216521,-34,20.27249833,1.54e-05,44,108,0,-0.735458167,-53
"144","901S06969","901S06969_05312012_BMI_RWB_1","5/31/12",0.85281563,0.76090336,0.8068595,33.55334,-117.39579,-2,0,0.1,-2,NA,NA,NA,0,27,0,-0.029761905,-29,-25,-0.832,1.5,-4
"145","902S01097","902S01097_05112009_BMI_RWB_1","5/11/09",1.29787326,0.80264027,1.05025676,33.48724,-117.25537,0,-0.002062517,-0.003349967,-6,NA,NA,NA,0.84526249,-72,2.854562332,3.12e-07,0,0,-0.251333334,-0.022604167,-14
"146","903M20235","903M20235_06122018_BMI_RWB_1","6/12/18",0.78813251,0.65973673,0.72393462,33.24759,-116.78551,NA,-0.045766307,0.022950543,0,NA,NA,NA,-0.028175563,-1,-0.063519165,-2.06e-05,0,0.5,-0.203955065,-0.10207955,-1
"147","903WE0798","903WE0798_05042016_BMI_RWB_1","5/4/16",1.01056442,0.77545445,0.89300943,33.33669,-116.82848,0,-0.000375,-0.000670829,0,NA,NA,NA,-0.001276333,0,-0.001062333,3.73e-06,0,0,0.006166683,-0.001208167,0
"148","903WE0900","903WE0900_05042016_BMI_RWB_1","5/4/16",1.23393264,0.82614786,1.03004025,33.33052,-116.81511,0,-0.001375,-0.001520834,0,NA,NA,NA,0.011669069,0,0.01439583,4.67e-06,0,0,0.003116667,-0.004375333,0
"149","905CE0512","905CE0512_04202004_BMI_RWB_1.0","4/20/2004",1.22510636,0.94344596,1.08427616,33.11137,-116.74386,-2,0,0.1,-2,NA,NA,NA,0,27,0,-0.029761905,-29,-25,-0.832,1.5,-4
"150","905M21756","905M21756_05042017_BMI_RWB_1","5/4/17",0.96651634,0.44670785,0.70661209,33.05619,-117.04124,NA,0.003489905,0.038126672,-12,NA,NA,NA,20.88839688,-25,-1.1807543,4.63e-09,0,3.5,0.011743879,0.061360856,-3.5
"151","905S02561","905S02561_05252011_BMI_RWB_1","5/25/11",1.00161487,1.19546283,1.09853885,33.12974,-116.63591,-10,0.003062467,0.01,-2,0,0.219910332,0,0,-2,0,-0.029761905,0,4,0.198166933,1.499,-4
"152","905WE0679","905WE0679_05042017_BMI_RWB_1","5/4/17",0.92801724,1.24502608,1.08652166,33.13163,-116.6544,-9,0,0.01,-2,-1,0.222579247,-3,0,-2,0,-0.029761905,0,0,0.2,1.5,-4
"153","905WE1018","905WE1018_06092015_BMI_RWB_1","6/9/15",0.96784781,0.44184056,0.70484419,33.12423,-116.68157,-9,0,0.01,-2,0,0.197410128,-0.5,0,-2,0,-0.029761905,0,4,0.2,1.5,-4
"154","907M23330","907M23330_06092016_BMI_RWB_1","6/9/16",1.08504827,0.84298849,0.96401838,33.00358,-116.70228,NA,6.86e-19,7.83e-19,NA,NA,NA,NA,-1.75e-19,NA,NA,1.24e-05,NA,NA,9.47e-17,1.05e-18,NA
"155","907M23331","907M23331_06082016_BMI_RWB_1","6/8/16",0.86023158,0.68067171,0.77045165,32.84058,-116.90771,NA,-0.038952536,-0.067383758,-23,NA,NA,NA,26.47998202,NA,9.716527093,-1.56e-05,NA,NA,-0.127580646,-0.086517934,-83
"156","907M23362","907M23362_05092017_BMI_RWB_1","5/9/17",0.92094118,0.98319826,0.95206972,32.9918,-116.71432,NA,3.28e-15,2.3e-15,NA,NA,NA,NA,-1.81e-17,NA,NA,-5.68e-05,NA,NA,5.27e-19,7.75e-19,NA
"157","907M23367","907M23367_05292018_BMI_RWB_1","5/29/18",1.00799082,0.82843648,0.91821365,32.96335,-116.66364,NA,-0.126868129,-0.156358007,-158,NA,NA,NA,-0.071920876,0,-0.158348355,-6.27e-07,-1,-109,-0.877825079,-1.29227408,-116
"158","907S00577","907S00577_05122009_BMI_RWB_1","5/12/09",1.26180663,0.8564385,1.05912257,33.0767,-116.67455,-36,0,0.01,-1,NA,NA,NA,0,-1,0,-0.000620495,-1,5,-2e-10,0,-28
"159","907S01418","907S01418_05122009_BMI_RWB_1","5/12/09",1.28016597,1.16963302,1.2248995,32.99254,-116.71771,0,-0.002146,-0.0014997,0,NA,NA,NA,-0.000937511,0,-0.002291667,-2.73e-07,0,1,-0.000289417,-5.21e-05,-4
"160","907S01434","907S01434_05132009_BMI_RWB_1","5/13/09",1.0880936,0.8580051,0.97304935,32.90475,-116.62501,-2,0,0.1,-2,NA,NA,NA,0,-2,0,-0.029761905,0,4,0.2,1.5,-4
"161","907S01610","907S01610_05042015_BMI_RWB_1","5/4/15",1.08364884,0.77737617,0.9305125,32.96675,-116.65275,-1,-0.008781083,-0.010499883,0,NA,NA,NA,-0.002333233,0,-0.007999667,3.5e-06,0,0,-0.0061998,-0.0173545,-1
"162","907S03786","907S03786_05302012_BMI_RWB_1","5/30/12",1.20517323,1.20699832,1.20608577,32.89421,-116.65844,-2,0,0.01,-2,NA,NA,NA,0,-2,0,-0.029761905,0,4,0.2,1.5,-4
"163","907SDSDR9","907SDSDR9_05292010_BMI_RWB_1.0","5/29/2010",0.7092539,0.56165641,0.63545515,32.83894,-117.04535,-49.5,0,0.5791,-47,NA,NA,NA,175.6653041,-24,76.53179167,-0.222013811,35,-6,-2.069875,-0.6301875,-30
"164","909M24925","909M24925_05102016_BMI_RWB_1","5/10/16",1.07587691,0.59669067,0.83628379,32.83848,-116.63814,NA,1.79e-07,2.6e-06,-1,NA,NA,NA,0.773472787,-1,-0.2143917,-1.82e-05,0,2.5,1.86e-06,6.82e-12,-2.5
"165","909M24937","909M24937_06222016_BMI_RWB_1","6/22/16",0.92231154,0.83076448,0.87653801,32.81935,-116.70775,NA,6.75e-23,2.08e-22,0,NA,NA,NA,0.569012458,-18,0.458002095,0.00010749,-0.5,22,1.9e-06,-0.970403575,-22.5
"166","909SSWR03","909SSWR03_04202009_BMI_RWB_1.0","4/20/2009",0.77761683,1.01311883,0.89536783,32.83521,-116.62203,-2,-0.093062317,-0.029479173,0,NA,NA,NA,-0.007458213,0,-0.018793499,-5.1e-06,0,1,0.040487633,-0.0816045,-1
"167","909WE0662","909WE0662_06102019_BMI_RWB_1","6/10/19",0.9872586,0.63381972,0.81053916,32.89957,-116.58789,NA,-0.039124993,-0.011089592,0,NA,NA,NA,-0.0010983,0,-0.02737167,7.43e-07,0,0.5,-0.00115833,-0.040875,-0.5
"168","909WE0780","909WE0780_05152001_BMI_RWB_1.0","5/15/2001",1.1745618,0.84851741,1.0115396,32.92981,-116.55901,NA,0,0,-1,NA,NA,NA,-0.000153541,-1,0.2296666,1.02e-06,0,2,0,-0.005208333,-2
"169","909WE1014","909WE1014_04232002_BMI_RWB_1.0","4/23/2002",0.92486456,0.60590813,0.76538635,32.83213,-116.7265,-22,0,-0.23,2,NA,NA,NA,3.48035,-52,0.2,-0.013048279,-1,-1,-2.07,0,-54
"170","911M24934","911M24934_04042017_BMI_RWB_1","4/4/17",0.68475636,0.94089244,0.8128244,32.76761,-116.65057,NA,7.05e-15,2.81e-14,NA,NA,NA,NA,-3.2e-20,NA,NA,1.4e-05,NA,NA,2.5e-13,7.18e-13,NA
"171","911M24949","911M24949_04112018_BMI_RWB_1","4/11/18",0.92510753,0.94477543,0.93494148,32.80946,-116.43979,NA,3e-07,2e-07,NA,NA,NA,NA,0,NA,NA,-1.54e-05,NA,NA,-3.87e-09,2e-09,NA
"172","911S00538","911S00538_05052009_BMI_RWB_1","5/5/09",1.18079619,0.92886087,1.05482853,32.78123,-116.63207,0,-0.118146665,-0.097049582,-5,NA,NA,NA,0.7096712,-0.5,0.64921167,2.94e-05,-0.5,0.5,-0.090641666,0.21498,-1.5
"173","911S01142","911S01142_04192016_BMI_RWB_1","4/19/16",1.043975,0.75510049,0.89953775,32.73547,-116.65268,-0.5,0,0.000266667,-41,NA,NA,NA,0.054658333,-38,0.474373331,-3.51e-07,-3,-0.5,0,-0.003833333,-2
"174","911S01818","911S01818_05062009_BMI_RWB_1","5/6/09",1.1338377,0.97161437,1.05272603,32.86215,-116.52037,-22,-0.02,-0.62,-15,NA,NA,NA,0,-24,0,-0.035714286,0,3,-0.62,0,-26
"175","911S02058","911S02058_05052009_BMI_RWB_1","5/5/09",1.18913156,0.90379534,1.04646345,32.76142,-116.64257,-11,-0.071049165,-0.033064701,-2,NA,NA,NA,0.96116393,-2,0.26879333,6.44e-05,-1,1,-0.994509334,-0.67391,-13
"176","911S04086","911S04086_05062009_BMI_RWB_1","5/6/09",0.98181077,0.74680691,0.86430884,32.67454,-116.57777,-19,0,-0.006378099,-1,NA,NA,NA,-0.0003875,0,-0.006333,-1.29e-05,-1,0.5,0.000477083,0.000270833,-6
"177","LALT501","LALT501_06262019_BMI_RWB_1","6/26/2019",0.77385059,0.53656385,0.65520722,34.08009,-118.22419,-25.5,3.0816875,13.01441833,-25,-1,976.7279344,-27,1415.849292,-57,99.0440837,1.68e-06,39,67,-0.040499997,-1.6453,-19
"178","SGLT506","SGLT506_07022018_BMI_RWB_1","7/2/18",0.51148097,0.51768928,0.51458513,34.06173,-117.99129,-9.5,-3.292041667,-4.498613334,-143,-0.5,180.3222502,-43.5,368.7030207,-3,388.7689162,-7.03e-07,0,47,-4.497995502,-11.20563542,-18
"179","SGUR010","SGUR010_06272011_BMI_RWB_1","6/27/2011",1.13611047,0.70912509,0.92261778,34.19498,-117.86114,0,0.006052233,-0.020546334,0,NA,NA,NA,-0.000276677,0,0.430125,-1.91e-06,0,0,0.040779017,0.000833334,0
"180","SGUR103","SGUR103_05152014_BMI_RWB_1","5/15/14",1.34085153,0.83116748,1.0860095,34.23218,-118.05822,-1,0,6.67e-05,0,NA,NA,NA,0.02213653,0,-0.02941333,-2.68e-06,0,-6,0,0,-1
"181","SGUT501","SGUT501_07052016_BMI_RWB_1","7/5/2016",1.30533955,1.06020115,1.18277035,34.2408,-117.8833,-6,0,0,0,NA,NA,NA,-1.48e-05,-1,0,0,0,-0.5,0,0,0.5
"182","SGUT502","SGUT502_06092016_BMI_RWB_1","6/9/2016",0.40068376,0.62063557,0.51065966,34.2283,-117.76593,0,-0.006666667,-0.007491333,0,NA,NA,NA,-0.003062227,0,-0.001083667,1.99e-06,0,0,0.03649145,0.023281333,0
"183","SGUT503","SGUT503_07112016_BMI_RWB_1","7/11/16",1.11199092,0.99119782,1.05159437,34.29216,-117.83856,NA,0.001583333,0,0,NA,NA,NA,-0.000720006,0,-0.009666667,4.45e-07,0,-2,-0.001464587,0,2
"184","SGUT504","SGUT504_07072016_BMI_RWB_1","7/7/2016",1.06803172,0.70013163,0.88408168,34.2377,-117.8203,-12,0.0968125,-0.003,1,2.5,0.298535582,-2.5,0.281543333,-12,0.251416667,-2.01e-05,-2,-5,-0.002083333,0.498,-2
"185","SGUT505","SGUT505_06262014_BMI_RWB_1","6/26/2014",0.91445196,0.64062416,0.77753806,34.16939,-117.88932,0,0.06700333,0.009108666,0,NA,NA,NA,-0.025826501,0,-0.04224833,1.18e-08,0,0,-0.061106167,0.025458342,0
"186","SMC00080","SMC00080_06062012_BMI_RWB_MCM_1","6/6/2012",0.86902175,0.76200332,0.81551254,34.32909,-118.08188,-1,0,0,-3,NA,NA,NA,0,-13,0,-1.23e-07,0,-2,0,0,0
"187","SMC00105","SMC00105_04122017_BMI_RWB_1","4/12/17",0.93219507,0.66263644,0.79741575,33.74651,-117.58423,NA,5e-04,0.0011375,-9,NA,NA,NA,0.007759167,-9,0.0369167,9.66e-05,0,-6,0,0.00046875,6
"188","SMC00198","SMC00198_07092014_BMI_RWB_1","7/9/14",0.97324705,0.65625936,0.81475321,32.93709,-117.13851,-12,0,0,-15,NA,NA,NA,35.07957499,0.5,77.2693967,-7.38e-07,21,74,-0.021583333,-0.038958333,-29
"189","SMC00271","SMC00271_06252018_BMI_RWB_1","6/25/18",1.06833621,0.88872797,0.97853209,34.5485,-119.16547,0,-0.000124834,-0.0002083,0,NA,NA,NA,-0.000250213,0,-0.000208,2.03e-06,0,0,-8.33e-05,-0.000125,0
"190","SMC00282","SMC00282_06092009_BMI_RWB_1","6/9/09",1.15106251,0.81032509,0.9806938,32.8718,-116.61357,-0.5,-0.065479167,-0.0204021,0,NA,NA,NA,-0.003098213,-1,-0.0115,2.58e-06,0,0.5,0.0220833,-0.03564585,-0.5
"191","SMC00288","SMC00288_06042014_BMI_RWB_1","6/4/14",0.68350335,0.52783324,0.6056683,34.13118,-117.76,-33.5,0,-0.01390625,0,NA,NA,NA,1.288499886,-52,0.137770817,7.87e-05,43,44,0,0.000595834,-11.5
"192","SMC00318","SMC00318_06152010_BMI_RWB_1","6/15/10",0.50659424,0.25220035,0.3793973,33.81287,-118.20558,-18,-6.544010834,-14.09206817,-32.5,NA,NA,NA,1634.326084,-12,1547.365875,1.25e-07,0,44,-3.44274166,-5.53335333,-11
"193","SMC00382","SMC00382_06212018_BMI_RWB_1","6/21/18",0.39645478,0.30883195,0.35264336,34.04437,-117.99413,-7.5,0.000291667,0.00325,-34,NA,NA,NA,4.5482467,-67,2.909708333,0.000109929,38,-10,0,-0.033875,-20
"194","SMC00428","SMC00428_06012016_BMI_RWB_1","6/1/16",1.03589939,0.80367303,0.91978621,34.2481,-118.04976,-3,0.01,0,1,NA,NA,NA,0.158229166,-2,0.54375,-0.384947326,-14,3.5,0.56083667,0,0
"195","SMC00436","SMC00436_05312017_BMI_RWB_1","5/31/17",0.72958736,0.49112596,0.61035666,34.149,-118.27863,-20,-3.56729875,-0.120783233,-1.5,0,-13.51491879,-26,715.3801298,15,947.453708,-3.45e-08,0,18,-3.186641663,-2.89841833,-10
"196","SMC00464","SMC00464_06042014_BMI_RWB_1","6/4/14",1.11154985,0.76085623,0.93620304,34.24152,-117.86683,-1,0,0,-2,NA,NA,NA,-0.000131667,-0.5,-8.37e-05,-1.27e-06,0,-6,0,0,0
"197","SMC00476","SMC00476_06082009_BMI_RWB_1","6/8/09",1.26937981,1.01520689,1.14229335,34.24209,-118.13381,-18,0,0,0,NA,NA,NA,0,-11,0,1.07e-06,0,0,-0.0409793,0,-1
"198","SMC00479","SMC00479_07132011_BMI_RWB_1","7/13/11",0.60644694,0.39761767,0.50203231,34.2634,-119.24095,-5.5,0.00103125,0.001339583,-32.5,NA,NA,NA,4.92323238,-70,3.122166834,2.39e-05,40,56,0,-0.010979158,-24
"199","SMC00480","SMC00480_07022018_BMI_RWB_1","7/2/18",1.06256675,0.88517182,0.97386928,34.23434,-117.73155,0,-4.17e-05,-0.000291667,0,NA,NA,NA,-0.000108125,0,-0.000687167,-1.04e-05,0,0,0.018418867,0.008114492,0
"200","SMC00520","SMC00520_06142017_BMI_RWB_1","6/14/17",0.8845536,0.67421387,0.77938373,34.29626,-118.28252,-1,-0.03333,-0.031315,-1,NA,NA,NA,-0.05554347,0,-0.07841666,6.95e-07,0,0,-0.03951625,-0.07217625,-2
"201","SMC00544","SMC00544_06222011_BMI_RWB_1","6/22/11",1.18438084,0.98677618,1.08557851,34.14677,-117.74153,0,0.000104167,-7.71e-05,0,NA,NA,NA,-0.0003325,-1,-0.000416833,1.34e-07,0,0,0,0.00234375,-1
"202","SMC00608","SMC00608_06272018_BMI_RWB_1","6/27/18",0.50749558,0.39259579,0.45004569,34.12344,-117.90223,3,0.10121875,0.3691791,-88,0,36.18048614,-1,47.64072251,-22,20.8252917,1.13e-06,0,10,-0.664187167,-1.48777075,-5
"203","SMC00632","SMC00632_06132011_BMI_RWB_1","6/13/11",0.56409891,0.41666899,0.49038395,34.14874,-118.55604,-6,0.003875,0.0225625,-12.5,7.5,0.135556379,-20.5,2.815534013,-28,1.692708167,3.65e-06,14.5,43.5,0,-0.04242725,-10.5
"204","SMC00684","SMC00684_06272011_BMI_RWB_1","6/27/11",0.44435759,0.42906154,0.43670957,34.09698,-118.02373,-19,0,0,-22.5,-10,30.72840851,-45,49.05432277,-65.5,15.70664334,1.29e-05,43,63,-0.146925005,-0.564625,-24
"205","SMC00710","SMC00710_05192009_BMI_RWB_1","5/19/09",0.78953594,0.5304247,0.65998032,32.88934,-117.20028,-140,0,0.947225003,9.5,NA,NA,NA,78.70492001,-38.5,139.7054792,0.000198058,69.5,135.5,0,0.037372917,-51
"206","SMC00748","SMC00748_06212011_BMI_RWB_1","6/21/11",0.23429339,0.31867358,0.27648349,34.07548,-118.0788,-18,0.032333334,0.000753334,-15.5,-17,-36.2201209,-43.5,104.5622707,-49.5,30.60250083,3.56e-06,29,50.5,-0.642013698,-1.879655418,-20.5
"207","SMC00827","SMC00827_06152009_BMI_RWB_1","6/15/09",1.24870745,0.78695006,1.01782875,34.55734,-119.18833,0,-0.011217503,-0.021222916,0,NA,NA,NA,0.49146988,0,-0.00762667,9.78e-07,0,0,-0.00738067,-0.01279333,0
"208","SMC00873","SMC00873_04122017_BMI_RWB_1","4/12/17",0.73483131,0.38448802,0.55965967,33.59849,-117.62668,-197,0.013854165,0.026304166,-6,NA,NA,NA,22.67477483,-37,11.67716667,1.1e-05,35,76.5,-0.129412533,-0.7885625,-14
"209","SMC00899","SMC00899_07122011_BMI_RWB_1","7/12/11",0.3389655,0.29779591,0.3183807,33.71747,-117.7888,130,-0.118291667,-0.068,-96,NA,NA,NA,25.11083542,-91,20.72164584,9.39e-05,49.5,116,-0.090756257,-0.14965625,10
"210","SMC00911","SMC00911_06042009_BMI_RWB_1","6/4/09",1.2731145,0.72741732,1.00026591,34.50797,-119.29854,0,0.012478917,-0.001639767,0,0,0.508079221,0,-0.005579667,0,-0.0061665,-5.32e-06,0,0,0.008654183,0.013614592,0
"211","SMC00924","SMC00924_05242017_BMI_RWB_1","5/24/17",0.90842002,0.9201868,0.91430341,34.22394,-118.18053,-6,0.01,0,1.5,-3.5,0.301632539,0,0.041333333,-30.5,0.377083316,-0.137336036,18.5,-104,0.002083333,0.2,-4
"212","SMC00957","SMC00957_06212010_BMI_RWB_1","6/21/10",0.94796634,0.61961235,0.78378935,33.96195,-117.37075,42.5,-0.014354165,-0.026437499,27,NA,NA,NA,20.97177813,0,68.88725,2.24e-06,0,60,-0.0237625,-0.0065,-38
"213","SMC00958","SMC00958_07192011_BMI_RWB_1","7/19/11",0.20542871,0.28885329,0.247141,33.82532,-117.99894,-51.5,0.000708334,0.05165,-33,NA,NA,NA,36.60494333,-54,29.36754167,2.53e-05,39,79.5,0,-0.297104134,-45
"214","SMC01040","SMC01040_06092009_BMI_RWB_1","6/9/09",1.30834475,1.07874941,1.19354708,34.30553,-118.15792,-1,-0.00374833,-0.014242,0,-0.5,-0.211265336,-1,-0.022879766,-1,-0.1957,6.53e-07,0,-3,-0.010533334,-0.007833333,-1
"215","SMC01046","SMC01046_05212009_BMI_RWB_1","5/21/09",0.78454047,0.50950066,0.64702057,32.79509,-117.18494,-26,-0.061104166,0.56885,-5,-1,0.591503254,-4,31.32859375,-8.5,14.01471,-3e-06,8.5,12,2.197,0.787,-27
"216","SMC01096","SMC01096_06142016_BMI_RWB_1","6/14/16",0.84594559,0.67925694,0.76260127,34.28465,-118.29343,-1,-0.037541665,-0.057187002,-1,NA,NA,NA,-0.054307834,-1,-0.068,2.09e-06,0,0,-0.033010418,0.01298,-1
"217","SMC01155","SMC01155_05122009_BMI_RWB_1","5/12/09",1.22660656,0.76985381,0.99823018,33.7606,-117.67949,-3,0.016479184,0.012760835,-1,NA,NA,NA,-0.041837499,-1,-0.04254167,2.72e-06,0,0,0,-0.001916667,-3
"218","SMC01161","SMC01161_05272010_BMI_RWB_1","5/27/10",1.27034609,0.71096849,0.99065729,33.44661,-117.25532,-17,0.016916667,-0.002287497,-64,NA,NA,NA,1.075897884,-47,4.0105417,4.61e-08,0,-1,-0.007529173,0.000291667,-16
"219","SMC01172","SMC01172_06242009_BMI_RWB_1","6/24/2009",0.87701742,0.7607276,0.81887251,34.0816,-118.85826,-61,0,0.3478125,-2,NA,NA,NA,0.001375,-62,0.2,-0.287401557,0,-22,-0.253533333,0.2,-2
"220","SMC01196","SMC01196_07142010_BMI_RWB_1","7/14/10",0.84910302,0.69643069,0.77276685,34.27835,-118.02952,NA,0,0,-1,NA,NA,NA,-0.000240625,-1,-0.017187333,2.36e-06,0,0,-0.000604167,0.000427067,-1
"221","SMC01215","SMC01215_07132011_BMI_RWB_1","7/13/11",1.07981054,0.65482538,0.86731796,34.33968,-119.06784,-1.5,4.262572083,3.149674985,-4,NA,NA,NA,206.6701851,-4,238.48471,0.000381389,0,0,0.174829,-0.585250334,-5
"222","SMC01248","SMC01248_07262011_BMI_RWB_1","7/26/11",1.20295675,0.9416474,1.07230208,34.25895,-117.74499,0,-0.00014585,1.33e-07,0,NA,NA,NA,-0.001375,-2,-0.001875,-3.91e-06,0,0.5,0.032695733,0.02915625,0
"223","SMC01257","SMC01257_06162011_BMI_RWB_1","6/16/11",0.8785796,0.48710971,0.68284466,33.60842,-117.61859,-7,0.004833334,0.01745,-13.5,NA,NA,NA,21.56162211,-63,15.89920833,1.65e-06,45.5,67,0,-0.2015835,-145
"224","SMC01260","SMC01260_07162012_BMI_RWB_1","7/16/12",0.59636896,0.42371882,0.51004389,34.06502,-117.97473,-9,-3.0785675,-4.431225668,-142,-0.5,89.47891924,-43.5,358.8896307,-2,360.8020629,-1.66e-08,-3,44,-4.230053918,-12.56975083,-15
"225","SMC01320","SMC01320_06072010_BMI_RWB_1","6/7/10",0.7722652,0.43048171,0.60137346,34.29856,-118.25082,-3,-0.024416667,-0.033105835,0,NA,NA,NA,-0.051854525,-1,-0.06654,3.5e-06,0,0,-0.013564167,-0.001091253,-1
"226","SMC01341","SMC01341_06222009_BMI_RWB_1","6/22/09",0.33663512,0.36124504,0.34894008,33.94614,-117.5621,NA,0,2.359470834,49.5,NA,NA,NA,631.3892138,49.5,-870.4609185,-0.261860884,0,3,0,185.0689813,-6
"227","SMC01358","SMC01358_06212011_BMI_RWB_1","6/21/11",0.51395308,0.27796493,0.39595901,33.90965,-118.24673,-15,0,0.000604167,-32,NA,NA,NA,7.426447582,-98,4.320208333,7.96e-05,45,95,0,0,-47.5
"228","SMC01372","SMC01372_07132010_BMI_RWB_1","7/13/2010",0.75485088,0.6447052,0.69977804,34.43437,-118.61386,18,0.05,-0.33,-149,NA,NA,NA,134.8231967,-61,102.263625,0.067751562,-15,12.5,-0.37,0.1,-16.5
"229","SMC01413","SMC01413_07092012_BMI_RWB_1","7/9/12",1.00263957,0.88071249,0.94167603,33.30552,-116.80627,NA,0,0,0,NA,NA,NA,0,0,-0.000125,0,0,0,0,0,0
"230","SMC01424","SMC01424_07012009_BMI_RWB_1","7/1/09",0.80009541,0.90198083,0.85103812,34.24075,-117.81585,0,-0.005854192,-0.000504157,0,NA,NA,NA,-0.001762384,0,-0.001791667,-2.44e-05,-2,0.5,0.1035542,0.045125167,0
"231","SMC01452","SMC01452_07152010_BMI_RWB_1","7/15/10",0.43924677,0.34387936,0.39156307,34.09095,-118.06675,NA,0,-0.00655,-35,NA,NA,NA,3.785331272,-77,1.419875,0.000263005,39,97.5,-0.0164,-0.003,-37
"232","SMC01454","SMC01454_07162012_BMI_RWB_1","7/16/12",0.8650202,0.57989917,0.72245968,33.95504,-117.86127,-2,-0.004708334,0,-12,-11,18.60190656,-44.5,19.694577,-59,10.90433333,6.39e-06,43,59,0,1.25e-05,-60
"233","SMC01504","SMC01504_06282011_BMI_RWB_1","6/28/11",0.89372278,0.89703759,0.89538019,34.25327,-117.71385,0,0,8.31e-08,0,NA,NA,NA,0,NA,0,-1.52e-08,NA,NA,-1.67e-07,0,0
"234","SMC01544","SMC01544_06142016_BMI_RWB_1","6/14/16",1.0232998,0.66225542,0.84277761,34.29729,-118.24843,-4,-0.024625,-0.03303917,0,NA,NA,NA,-0.052545152,0,-0.06266917,8.98e-06,0,0,0.015955832,-0.019853331,0
"235","SMC01550","SMC01550_06252009_BMI_RWB_1","6/25/2009",0.64799035,0.63745602,0.64272318,34.05626,-118.84901,-62,0,0.358666667,-2,NA,NA,NA,0.018877083,-62,0.239666667,-0.532912766,-2,-18,-2.0611125,0.2,-3
"236","SMC01567","SMC01567_06092010_BMI_RWB_1","6/9/10",0.92940467,0.38983584,0.65962025,34.50959,-119.38373,0,-0.000447916,-0.000647745,0,NA,NA,NA,-0.000584324,0,-0.001083331,1.25e-07,0,0,0.0083291,0.006041666,0
"237","SMC01606","SMC01606_05262009_BMI_RWB_1","5/26/09",0.89393933,0.51186241,0.70290087,32.84198,-117.23481,152.5,0.00095,0.00203125,-168.5,NA,NA,NA,7.184626701,-8.5,34.88506234,2.73e-06,40.5,67.5,-0.006939583,-0.0045,-5
"238","SMC01656","SMC01656_06062012_BMI_RWB_1","6/6/12",0.8489048,0.53549199,0.69219839,34.15633,-118.53627,-56,0.012791668,0.053062513,-20,-3.5,0.775485063,-33,6.942123121,-90,3.158687498,1.18e-06,-4,36.5,-0.071220834,-0.091395833,-16
"239","SMC01662","SMC01662_07092012_BMI_RWB_1","7/9/12",0.70428368,0.4520958,0.57818974,33.9248,-117.95665,-19,0.00666667,0.053258367,-33,NA,NA,NA,48.52599312,-78,34.1295,2.14e-06,36,63,0,-1.2813125,-23
"240","SMC01692","SMC01692_06202011_BMI_RWB_1","6/20/11",0.98409086,0.62351203,0.80380144,34.19798,-118.16972,NA,0,0,0,NA,NA,NA,2.179871676,0,2.8992917,-2.49e-05,0,1,0,0,-12
"241","SMC01694","SMC01694_06282010_BMI_RWB_1","6/28/10",0.35812668,0.42016909,0.38914789,33.92,-117.90272,-28,0,0.217433,-66,NA,NA,NA,10.23358833,-12,1.385625,0.011235803,-3,20,-2.76,-0.31570833,-58
"242","SMC01726","SMC01726_06302010_BMI_RWB_1","6/30/10",0.6683719,0.51140875,0.58989032,33.86351,-117.98816,-24,-1.504510417,-2.358856417,-185,NA,NA,NA,243.4110767,-0.5,197.9569167,-1.26e-06,-1,37.5,-1.158020833,-2.563937333,-14.5
"243","SMC01748","SMC01748_05212014_BMI_RWB_1","5/21/14",0.74743873,0.63704813,0.69224343,34.28747,-118.82744,4,0.192354165,1.675641667,-7.5,-1.5,80.2094246,-38,110.7013015,-34.5,111.2896892,2.47e-07,19.5,36,0.004954167,13.99527084,-12.5
"244","SMC01772","SMC01772_07112012_BMI_RWB_1","7/11/12",0.67352333,0.51898804,0.59625569,34.11001,-118.1228,-7,0.002916667,0,-15,NA,NA,NA,2.531108216,-46,1.073166633,6.11e-05,33,64.5,0,-0.085083333,-26
"245","SMC01808","SMC01808_06132011_BMI_RWB_1","6/13/11",0.93471678,0.68979277,0.81225478,34.3094,-118.07316,0,-0.0003125,-7.47e-05,0,NA,NA,NA,-0.000243729,-1,-2.07e-05,3.3e-06,0,0,0.001837266,0.000645667,0
"246","SMC01860","SMC01860_05282009_BMI_RWB_1","5/28/09",0.64311282,0.50989025,0.57650154,34.224,-118.97911,163,-0.223770667,-0.231658667,-123.5,NA,NA,NA,171.9164552,-51,243.754875,-3.09e-05,-136,-29,-0.418999733,-0.598854,19
"247","SMC01912","SMC01912_07122012_BMI_RWB_1","7/12/12",0.39806072,0.39057908,0.3943199,34.23429,-118.60295,56,0,0.00221875,-37,NA,NA,NA,2.856102901,-81,-0.119166667,1.31e-05,53,72,0,-0.014833332,-66
"248","SMC01934","SMC01934_06152012_BMI_RWB_1","6/15/12",0.69113914,0.44541211,0.56827563,33.49,-117.66595,-10,0.2432125,1.872379167,-1.5,NA,NA,NA,111.447675,-52.5,-21.75649417,1.71e-06,59,80,0.554395834,0.072208333,-7
"249","SMC01960","SMC01960_05212014_BMI_RWB_1","5/21/14",0.63499858,0.53327317,0.58413588,34.26554,-118.75916,-65,0.069958333,0.567358333,-26,NA,NA,NA,47.32448501,-45,15.264995,1.29e-06,30,43,-9e-04,0.004458334,-5
"250","SMC01987","SMC01987_06152012_BMI_RWB_MCM_1","6/15/12",1.08178093,0.56113256,0.82145675,33.59028,-117.71185,-60,0,0,-27,NA,NA,NA,46.64949676,-28,16.65291683,2.93e-05,39.5,133.5,0,-11.30191667,-80
"251","SMC01990","SMC01990_07082014_BMI_RWB_1","7/8/14",0.72895302,0.59788416,0.66341859,32.79653,-117.11327,63,-2.500062333,-0.023552083,18.5,NA,NA,NA,11.723845,-5.5,36.03456267,3.62e-06,45.5,95,-0.014295834,-0.013,-39
"252","SMC02028","SMC02028_07122012_BMI_RWB_1","7/12/12",0.8052997,0.53114098,0.66822034,34.12868,-118.16553,-4,0.086833333,0.4807664,-8,0,-0.538016788,-59,35.68812169,-14,41.29675167,3.85e-06,0,25,-0.000466667,0.056958333,-20
"253","SMC02075","SMC02075_07172012_BMI_RWB_MCM_1","7/17/12",0.91405806,0.78069075,0.84737441,34.6719,-119.03758,0,0.007250009,0.002564575,-2,NA,NA,NA,-0.000291566,0,-0.001375,2.66e-07,0,0,0.001,0,0
"254","SMC02088","SMC02088_06182018_BMI_RWB_1","6/18/18",1.10049897,0.77230682,0.9364029,34.30226,-118.25959,-1,0.01,0,-44,NA,NA,NA,0.570166712,-12,4.708333333,-0.049215686,-15,-24,0.92,0,1
"255","SMC02092","SMC02092_06182018_BMI_RWB_1","6/18/18",1.27891558,0.75326017,1.01608787,34.27948,-118.20684,NA,0.001604167,0.001958331,0,NA,NA,NA,0,-1,-0.004812334,1.87e-07,0,0,-0.008254166,0,0
"256","SMC02139","SMC02139_07172012_BMI_RWB_1","7/17/12",1.15967782,1.05087864,1.10527823,34.6714,-119.01717,-0.5,0.004114584,0.001158325,-2,NA,NA,NA,-0.000137384,0,-0.000625,1.84e-06,0,0.5,0.0006875,-0.197937505,-0.5
"257","SMC02152","SMC02152_07142010_BMI_RWB_1","7/14/2010",0.62571428,0.54092751,0.58332089,34.09801,-118.7217,-45,0,0.09,14,NA,NA,NA,78.02787291,-81,48.94920833,-0.418782611,21,39,-2.760533334,-0.611833334,-34
"258","SMC02206","SMC02206_07192011_BMI_RWB_1","7/19/11",0.56476926,0.45802702,0.51139814,33.87098,-117.85002,-56,0,0,-9,NA,NA,NA,12.91219188,-35.5,10.2716685,0.000120799,34.5,82,0,-0.345416667,-33
"259","SMC02228","SMC02228_06232009_BMI_RWB_1","6/23/09",0.8439972,0.51336926,0.67868323,34.06933,-118.22427,-4.5,-17.55751125,-25.9148315,11.5,NA,NA,NA,1208.445537,10,987.721333,-4.82e-07,-3,15,-12.847454,-27.6063333,-94
"260","SMC02270","SMC02270_06302010_BMI_RWB_1","6/30/10",0.82903051,0.44125561,0.63514306,33.79573,-117.77241,48.5,0,0.000275,18.5,NA,NA,NA,0.759578333,-30.5,0.363000002,0.000191077,40.5,21,0,0.0129375,22
"261","SMC02302","SMC02302_07152013_BMI_RWB_1","7/15/13",0.12843705,0.26301733,0.19572719,33.8153,-118.04128,-30,-9.38e-05,0.046225,15,NA,NA,NA,57.19144582,-43,62.66225167,6.54e-05,43,60,0,-0.2596875,-90
"262","SMC02436","SMC02436_05282009_BMI_RWB_1","5/28/09",0.76269697,0.45728792,0.60999244,34.26279,-118.97199,164,-0.3245,-0.021195168,-110.5,NA,NA,NA,244.9606793,-85,117.374333,-3.09e-05,-129,-45,-0.5915,-0.661625333,-152
"263","SMC02536","SMC02536_06292011_BMI_RWB_1","6/29/11",0.67000537,0.53014507,0.60007522,34.26861,-118.6736,-10,0,-0.257791667,-12,NA,NA,NA,6.554638331,-65,2.0565,-0.012506619,-1,26,-2.76,-0.7,-53
"264","SMC02568","SMC02568_08022018_BMI_RWB_1","8/2/18",1.235406,0.94169206,1.08854903,34.27866,-118.22031,-9,0,-0.13015,-1.5,NA,NA,NA,0,0.5,0,-0.029761905,0,4,0.2,1.5,-4
"265","SMC02591","SMC02591_07212011_BMI_RWB_1","7/21/11",0.97568934,0.89486457,0.93527696,34.51783,-119.37846,0,-0.00025,-6.25e-05,0,NA,NA,NA,-0.000237283,0,-0.00158333,-5.13e-07,0,0,-2.5e-05,-8.32e-05,0
"266","SMC02712","SMC02712_06072012_BMI_RWB_1","6/7/12",1.25105429,0.72745528,0.98925479,34.36179,-118.30348,-1,0,0,-1,NA,NA,NA,0,-46,0,-6.02e-06,0,-2,0,0,0
"267","SMC02884","SMC02884_05272014_BMI_RWB_1","5/27/14",0.74282499,0.54651641,0.6446707,34.21749,-118.98533,163.5,-0.228437334,-0.239608467,-124,NA,NA,NA,181.0651818,-50.5,250.5294167,-2.76e-05,-136,-28.5,-0.4323998,-0.617666667,19
"268","SMC02902","SMC02902_08022011_BMI_RWB_1","8/2/11",1.00892269,0.5428412,0.77588195,32.94907,-117.06443,148.5,0.00065835,0.001,-46.5,NA,NA,NA,19.97936458,-0.5,49.624501,-4.29e-06,-1,21,-0.007,-0.008,-21.5
"269","SMC02972","SMC02972_07182012_BMI_RWB_1","7/18/12",1.19086766,0.94344805,1.06715785,34.24957,-118.0755,-4,0.01,0,2,NA,NA,NA,0,0,0,0.004729492,0,0,0.13,0,0
"270","SMC02984","SMC02984_06232010_BMI_RWB_1","6/23/10",0.5736453,0.51334848,0.54349689,34.26528,-118.75053,-21,0,-0.34,-69,NA,NA,NA,57.56727667,-81,19.66158333,-0.176149858,20,29.5,0.0254,-0.7,-78
"271","SMC03011","SMC03011_06132013_BMI_RWB_1","6/13/13",0.78270125,0.50231064,0.64250594,33.6145,-117.6955,-20.5,0.020375,0.054874998,-4.5,NA,NA,NA,29.20895325,-71.5,-4.771105835,6.99e-06,48.5,107.5,0.012997917,0.745229158,-31
"272","SMC03216","SMC03216_07272011_BMI_RWB_1","7/27/11",0.98151736,0.95047688,0.96599712,34.28092,-117.84093,0,-0.008749667,-0.007116733,0,NA,NA,NA,-0.017180159,0.5,-0.0085,5.65e-06,0,0,-0.0074335,-0.00551025,0
"273","SMC03268","SMC03268_05272014_BMI_RWB_1","5/27/14",0.70731384,0.52491091,0.61611238,34.16255,-119.06301,162.5,-0.2535,-0.095408133,-123,NA,NA,NA,354.15856,-78.5,299.3909567,-2.89e-05,-138,-13.5,-0.790154167,-0.827956667,19
"274","SMC03280","SMC03280_08112011_BMI_RWB_1","8/11/11",0.8876003,0.95729659,0.92244845,34.25685,-117.85652,-3,-0.0065835,-0.013020833,0,NA,NA,NA,-0.007545,-1,-0.008353833,1.05e-06,0,-1,-0.0065666,-0.0076045,0
"275","SMC03438","SMC03438_07022012_BMI_RWB_1","7/2/12",1.01601966,0.63432898,0.82517432,33.93708,-117.79252,-13,0,-0.32,-3,NA,NA,NA,1.185333333,-46,-0.719625,-0.263927498,-5,-6,-0.288541667,0.0153125,-5
"276","SMC03523","SMC03523_06112013_BMI_RWB_MCM_1","6/11/13",0.72603365,0.44433776,0.5851857,33.58478,-117.66437,-49,0.004572918,0,-7,NA,NA,NA,32.00198773,-58.5,3.402833335,1.23e-05,68,102,0,-2.788906084,-28
"277","SMC03944","SMC03944_07122010_BMI_RWB_1","7/12/2010",0.43928493,0.40498041,0.42213267,34.14271,-118.75016,-12,0,0.142833333,-2,NA,NA,NA,1.771046667,-77,0.3988333,-0.57352834,-1,19,-2.76,-0.7,-61
"278","SMC03984","SMC03984_07022018_BMI_RWB_1","7/2/18",1.1624198,0.98248705,1.07245343,34.24613,-117.90186,0,-0.0060835,-0.003887834,0,NA,NA,NA,-0.002492393,0,-0.00675,-7.74e-07,0,0,-0.002858567,-0.021479499,0
"279","SMC04000","SMC04000_07302012_BMI_RWB_1","7/30/12",1.31439109,0.75747037,1.03593073,34.23282,-117.74777,0,-0.0002917,-0.000591647,-1,NA,NA,NA,-0.000444883,0,-0.001375,-2.34e-06,0,0,-0.000545833,-0.000302075,0
"280","SMC04008","SMC04008_06192012_BMI_RWB_1","6/19/12",1.11015265,0.65292474,0.8815387,34.28342,-118.80803,-48,0.066791665,0.5992875,-44,NA,NA,NA,90.92531411,-49.5,61.40249754,7.24e-07,26,43.5,-77.81189584,-8.4617708,-15.5
"281","SMC04134","SMC04134_07262011_BMI_RWB_1","7/26/11",0.86183352,0.67833534,0.77008443,32.82874,-117.05243,NA,0,0,0,NA,NA,NA,881.5086173,0,1583.94635,-0.003189415,0,0,0,459.5721667,0
"282","SMC04175","SMC04175_06112009_BMI_RWB_1","6/11/09",0.95088295,0.82403481,0.88745888,34.40835,-119.27642,0,-0.004344999,-0.032348582,-49,NA,NA,NA,5.148842312,-5,12.47142085,1.73e-07,0,-1,0.042985416,-0.003562501,-8
"283","SMC04204","SMC04204_07112012_BMI_RWB_1","7/11/12",1.20064581,0.7258856,0.96326571,34.20358,-118.01853,-25.5,-0.02,-0.62,-9,NA,NA,NA,0.003560417,-0.5,0.00666665,-0.003481314,0,0,-0.484,0,-32
"284","SMC04239","SMC04239_06112009_BMI_RWB_1","6/11/09",1.05528319,0.68769548,0.87148934,34.3608,-119.31114,-150,0.129394999,0.008274987,-24,NA,NA,NA,10.12632393,-3,33.0612705,3.25e-08,0,0,0.130095,-0.090020834,0
"285","SMC04264","SMC04264_07092010_BMI_RWB_1","7/9/2010",0.56215127,0.53361919,0.54788523,34.13,-118.7548,9,0.014937498,0.121033333,-10.5,NA,NA,NA,29.22904727,-53.5,16.00233333,6.71e-07,-3,54,-9e-04,-0.92827084,-19.5
"286","SMC04294","SMC04294_07112013_BMI_RWB_1","7/11/13",1.05454853,0.65587449,0.85521151,32.93776,-117.14172,-4,-0.03733335,-0.077,-19,NA,NA,NA,34.67317291,0.5,78.2297325,-3.25e-07,21,74.5,-0.021433333,-0.038062483,-29.5
"287","SMC04308","SMC04308_06172009_BMI_RWB_1","6/17/09",1.01694941,0.56802958,0.79248949,34.19349,-118.9083,47,0,-6.309707,-192,NA,NA,NA,43.14431462,-123,78.94698085,3.96e-07,-1,35.5,-0.157872932,-0.134322917,-24.5
"288","SMC04383","SMC04383_05192014_BMI_RWB_1","5/19/14",0.97379819,0.63052672,0.80216245,34.50224,-119.35602,0,-0.000510417,-8e-04,-1,NA,NA,NA,-0.000719988,0,-0.000708166,3.89e-07,0,0,0.017154117,0.008083167,0
"289","SMC04426","SMC04426_07252011_BMI_RWB_1","7/25/11",0.76693639,0.90395482,0.83544561,33.00696,-116.66995,0,-0.003625333,-0.004137234,0,NA,NA,NA,-0.003666665,0,-0.004041333,-3.04e-06,0,0,-0.003910417,-0.009874834,-2
"290","SMC04682","SMC04682_07252011_BMI_RWB_1","7/25/11",1.20418944,1.1006195,1.15240447,32.97115,-116.64814,NA,-0.001,-0.0019625,-2,NA,NA,NA,-6e-05,-2,-0.004375,-9.5e-08,0,1.5,0,-0.001,-1.5
"291","SMC04748","SMC04748_07022009_BMI_RWB_1","7/2/2009",0.7016804,0.60742456,0.65455248,34.41314,-118.65879,43.5,0.06,-0.51,-61,NA,NA,NA,159.7410517,-91,78.48758333,0.037062937,9,-41,-0.37,0.1,-9.5
"292","SMC04749","SMC04749_06232009_BMI_RWB_1","6/23/09",0.63519592,0.59210016,0.61364804,33.85826,-117.21321,84.5,0.001041667,0.006,-35,NA,NA,NA,22.6038275,-1,35.64079999,9.59e-06,-1,24,-0.03899585,-0.010135417,-24
"293","SMC04750","SMC04750_07052011_BMI_RWB_1","7/5/2011",1.19293493,0.83128907,1.012112,34.041,-118.58149,-19,0,0.205345854,-12,NA,NA,NA,1.8957,-40,0.239166667,-0.325279556,-4,21,-0.47554167,-0.516791667,-43
"294","SMC04756","SMC04756_05212014_BMI_RWB_1","5/21/14",0.7679303,0.5397062,0.65381825,34.27092,-118.9269,166,-0.0777085,0.0082623,-123,NA,NA,NA,185.098948,-75,89.90295867,-3.45e-05,-142,-14,-0.339370834,-0.313333,4.5
"295","SMC04806","SMC04806_07112013_BMI_RWB_1","7/11/13",0.91814426,0.61667709,0.76741067,32.89036,-117.19358,NA,0.000666667,0.580247917,18,-2,57.25464754,-27,82.16994836,-22,36.83958333,0.000236068,62,139,0,0.207502084,-38
"296","SMC04880","SMC04880_06062012_BMI_RWB_1","6/6/12",1.21707806,0.76631724,0.99169765,34.30884,-118.09829,-9,0,0,-10,NA,NA,NA,-8.35e-05,-41,-8.3e-05,-1.76e-07,0,-2,0,0,0
"297","SMC05146","SMC05146_07102012_BMI_RWB_1","7/10/12",1.08835417,0.89567969,0.99201693,32.84526,-116.61346,0,-0.126645817,-0.03998749,0,NA,NA,NA,-0.006556667,0,-0.016898499,1.02e-06,0,-0.5,0.031633367,-0.07145835,0.5
"298","SMC05199","SMC05199_07062011_BMI_RWB_1","7/6/11",1.13119564,0.88341945,1.00730755,34.40412,-119.28071,-2.5,-0.002427082,-0.105071749,-2,NA,NA,NA,5.206833012,0,15.57106255,3.61e-09,0,0,0.010395833,-0.010416833,-13
"299","SMC05230","SMC05230_07022012_BMI_RWB_1","7/2/12",0.84818492,0.52537195,0.68677844,33.87308,-117.75077,137,-5.437542918,-1.981438669,-81,NA,NA,NA,2506.961838,-16,1512.185106,-7.81e-06,-4,16,-2.96606667,-0.64808333,-76
"300","SMC05296","SMC05296_06262012_BMI_RWB_1","6/26/12",1.09967795,0.90666885,1.0031734,34.55457,-118.77525,-8,0.17007275,0.057322932,0,0.5,-32.65861714,-30.5,2.580463388,0,-0.3873458,-4.62e-07,0,0,-0.20161664,-0.7736917,-1
"301","SMC05402","SMC05402_07282011_BMI_RWB_1","7/28/11",0.99684621,0.86239896,0.92962258,32.80468,-116.57311,-80,-0.09552,-0.022504167,-4,NA,NA,NA,1.543233788,-3,1.28749833,0.000128965,-1,-6,-0.11750083,-0.15375167,-3
"302","SMC05702","SMC05702_06072010_BMI_RWB_1","6/7/10",0.60786481,0.44466963,0.52626722,32.83209,-117.22954,156.5,0.00095,0.009662583,-186,NA,NA,NA,12.13305512,37.5,60.73770833,-2.77e-05,-1,26.5,-0.0115,-0.009479167,-6
"303","SMC05759","SMC05759_05292014_BMI_RWB_1","5/29/14",1.00028268,0.67622219,0.83825244,34.35232,-119.03474,0,1.697343835,0.46151248,-7.5,NA,NA,NA,117.9429167,-10,123.6225333,1.38e-09,0,0,-0.54453717,-0.062499667,-15
"304","SMC05902","SMC05902_06282011_BMI_RWB_1","6/28/2011",0.66097717,0.43031389,0.54564553,34.03432,-118.51218,10.5,0.01325,0.059564585,-8,-4.5,11.50520892,-14.5,3.94201358,-27,2.10812833,2.76e-06,36,45,0,-6.9709375,-40
"305","SMC05956","SMC05956_06192012_BMI_RWB_1","6/19/12",0.75931819,0.62717829,0.69324824,34.22875,-118.97109,163,-0.191833333,-0.200275,-126.5,NA,NA,NA,165.2646819,-52,236.2117917,-2.87e-05,-135,-62.5,-0.3609252,-0.398083333,23
"306","SMC06079","SMC06079_06262013_BMI_RWB_1","6/26/13",1.03220929,0.78080294,0.90650611,34.41108,-119.08213,0,-0.002645917,-0.008208267,0,NA,NA,NA,0.548470601,0,0.53529165,6.28e-06,0,0,0.003708335,-0.0025833,0
"307","SMC06216","SMC06216_06032014_BMI_RWB_1","6/3/14",1.01195761,0.75381748,0.88288755,34.27407,-118.31518,-4,-0.098169165,-0.104006836,-1,NA,NA,NA,-0.064423332,-1,0.67400167,1.72e-06,-1,-2,-0.10946167,-0.1475,-5
"308","SMC06298","SMC06298_07172012_BMI_RWB_1","7/17/12",1.09576459,0.93637956,1.01607207,32.91213,-116.57126,NA,0.006395834,0.005858333,-1,NA,NA,NA,-0.001014562,0,-0.006958,2.83e-06,-0.5,-0.5,0,0.009729167,0
"309","SMC06302","SMC06302_06282012_BMI_RWB_1","6/28/12",0.71737683,0.45126926,0.58432304,33.86699,-117.85366,-7,0.024708332,0,-17.5,-11,28.43669561,-54,105.1976075,-60.5,100.2678959,3.23e-06,37.5,2,-15.44361667,-6.601208335,-24
"310","SMC06356","SMC06356_06102013_BMI_RWB_1","6/10/13",1.01777753,0.65427375,0.83602564,34.20156,-118.91158,43,0,-6.4536935,-196,NA,NA,NA,43.87546667,-158,78.32266665,0,0,35,-0.162239572,-0.136406275,-24.5
"311","SMC06467","SMC06467_06282010_BMI_RWB_1","6/28/10",0.89201126,0.80809113,0.8500512,33.79118,-117.71782,-0.5,0.001302092,0.000631258,0,NA,NA,NA,-0.00011,0,-0.01183333,-3.74e-07,0,-1,-0.000354167,-0.030145867,-1
"312","SMC06740","SMC06740_06102013_BMI_RWB_1","6/10/13",0.63452129,0.48732614,0.56092371,34.1807,-118.87436,-40,5e-04,0.000577083,-8,NA,NA,NA,26.63056366,-49.5,9.28258367,3.93e-06,42.5,72,0,-0.063479167,-26
"313","SMC06794","SMC06794_07182012_BMI_RWB_1","7/18/12",0.89715477,1.01150568,0.95433022,32.83039,-116.64687,-3,-0.086375017,-0.027608167,0,NA,NA,NA,-0.006458434,0,-0.019875831,-1.35e-06,0,2,0.000566676,-0.118458334,-2
"314","SMC06863","SMC06863_07212011_BMI_RWB_1","7/21/11",1.16297591,0.87280097,1.01788844,34.49417,-119.30534,0,-0.000958,-0.005745966,0,0,0.642167001,0,0,0,-0.007354,-2.7e-07,0,0,0.006450003,0,0
"315","SMC06918","SMC06918_07162012_BMI_RWB_1","7/16/12",0.78255939,0.46101567,0.62178753,32.78184,-117.184,NA,-0.05509375,-0.082222917,35,NA,NA,NA,34.91916459,-7,61.08614567,0.001304973,37,55,-0.036,-0.048,-23
"316","SMC06926","SMC06926_07012009_BMI_RWB_1","7/1/2009",0.91955951,0.58865071,0.75410511,34.04799,-118.51137,NA,0,0,0.5,NA,NA,NA,2.346040774,0.5,8.82158585,-4.31e-05,0,3,0,0,-3
"317","SMC07126","SMC07126_07122012_BMI_RWB_1","7/12/12",0.51117244,0.32405288,0.41761266,32.84359,-117.03457,-50,0,0.542245833,-59,NA,NA,NA,168.6657916,-24,66.7867167,-0.211000496,35,64,-2.069220833,-0.7,-30
"318","SMC08094","SMC08094_06282012_BMI_RWB_1","6/28/12",0.60391094,0.3812226,0.49256677,33.81951,-117.8536,-39.5,-0.1520833,-0.148383353,26,NA,NA,NA,23.65293912,-163,20.79877333,-0.000681442,-2,37,-0.115058342,-0.1630729,-18
"319","SMC08150","SMC08150_07082014_BMI_RWB_1","7/8/14",0.91333628,0.58867072,0.7510035,32.83731,-117.01975,80,-8.019187833,0.001,-64,NA,NA,NA,70.94682258,-2,104.293045,-2.55e-06,0,21,-0.0367998,0,-21
"320","SMC08335","SMC08335_07072010_BMI_RWB_1","7/7/10",1.01796345,0.69739596,0.8576797,34.34583,-119.29948,NA,0,0,0,NA,NA,NA,2.105686712,0,6.9953333,-3.7e-05,0,0,0,0.01725,-10
"321","SMC08540","SMC08540_06232011_BMI_RWB_1","6/23/2011",0.90236115,0.47856692,0.69046404,34.44828,-118.61769,-14.5,0.467875001,0.242759,-52,NA,NA,NA,7.820874869,-11,5.537775,1.54e-05,0,0,0.02891253,0.103145834,0
"322","SMC08655","SMC08655_06212012_BMI_RWB_1","6/21/12",1.19972201,1.00765144,1.10368672,34.50823,-119.28406,0,-0.004312667,-0.006377083,0,0.5,0.305529461,0,0.120913932,0,-0.02353667,1.33e-06,0,0,-0.0034002,-0.005500333,0
"323","SMC08766","SMC08766_07102018_BMI_RWB_MCM_1","7/10/18",0.38473677,0.24770822,0.3162225,33.90192,-118.10859,-101,-3.74470833,-5.479914669,-330,NA,NA,NA,1093.882347,-86,493.6106879,9.67e-08,-2,53.5,-5.268430833,-6.227885415,-15
"324","SMC08845","SMC08845_05302014_BMI_RWB_1","5/30/14",0.2568856,0.55805589,0.40747074,33.87309,-117.21355,5,0,0.108,-5,NA,NA,NA,0,-20,0.072125,-0.080658779,-1,-20,0.15,0.399,14
"325","SMC09118","SMC09118_05222013_BMI_RWB_MCM_1","5/22/13",0.38244883,0.39093934,0.38669408,33.80876,-117.86259,-44,-0.2077917,-0.207825,25.5,NA,NA,NA,36.87780042,-4.5,32.61445667,-0.000815189,13,41.5,-0.1991771,-0.231874984,-22.5
"326","SMC09286","SMC09286_06092010_BMI_RWB_1","6/9/10",0.62590045,0.54050347,0.58320196,32.78194,-117.11419,-3,-2.20381583,0.001,-70,NA,NA,NA,126.3550667,-3,220.4600417,6.22e-08,46,64,-0.013739567,0.000375,-29.5
"327","SMC09503","SMC09503_06042012_BMI_RWB_1","6/4/12",1.17402996,0.70730241,0.94066618,34.49757,-119.33913,0,-0.033624666,-0.00102075,-1,NA,NA,NA,-0.000693453,0,-0.000916833,-2.1e-07,0,0,0.020320734,0.011937667,0
"328","SMC09534","SMC09534_07102018_BMI_RWB_MCM_1","7/10/18",0.48636422,0.36012937,0.4232468,33.83832,-118.09487,151,-25.96952167,0.0015,-78,NA,NA,NA,813.8079617,76,537.9315003,8.45e-07,0,67,-0.059833353,-0.016708333,-26.5
"329","SMC09564","SMC09564_06012010_BMI_RWB_1","6/1/2010",0.74979211,0.46834675,0.60906943,34.4322,-118.59397,17,0,0.334,-59,NA,NA,NA,146.8516783,-88,77.06833333,-0.016001826,-7,10.5,-0.37,0.1,-11
"330","SMC10685","SMC10685_07012010_BMI_RWB_MCM_1","7/1/10",1.05510669,0.58532046,0.82021357,34.01879,-117.36873,-62.5,0,1.434991667,-68,NA,NA,NA,498.7575268,-21,625.7417917,-0.156449408,-9.5,-53,-2.76,-3.646791667,-31.5
"331","SMC11343","SMC11343_06042012_BMI_RWB_1","6/4/12",0.97940779,0.73188399,0.85564589,34.3728,-119.30859,-98,0.49210417,0.830532334,-4,-5,89.29076413,0,8.36879688,-3,26.043125,8.8e-05,0,0,0.041622942,0.002301917,0
"332","SMC11384","SMC11384_06282011_BMI_RWB_1","6/28/2011",1.27363825,1.09045967,1.18204896,34.09552,-118.66521,-75,0,-0.174891667,-53,NA,NA,NA,0.211755,-57,-1.122583333,-0.742401387,-1,-6,0.04045,-0.110458333,-14
"333","SMC11727","SMC11727_06092010_BMI_RWB_1","6/9/10",1.23885108,0.69854011,0.9686956,34.47857,-119.29339,0,-0.006989579,-0.012181412,0,0.5,1.484804145,0,-0.011224868,0,-0.014545,1.72e-07,0,0,-0.004546,-0.025184915,0
"334","SMC12814","SMC12814_07222011_BMI_RWB_1","7/22/2011",0.87754995,0.84389602,0.86072298,34.04892,-118.84641,-61,0,0.336708334,-53,NA,NA,NA,0.04575625,-56,0.229333333,-0.696270454,0,0,-2.056654167,0.2,-2
"335","SMC12862","SMC12862_06272011_BMI_RWB_1","6/27/11",0.38473878,0.38067881,0.3827088,33.92148,-118.11149,-187,-4.371295,-7.697631,-182,NA,NA,NA,638.8913718,-119,270.8748335,-0.00030542,0,19,-4.119371418,-11.150915,-13
"336","SMC13062","SMC13062_07232013_BMI_RWB_1","7/23/13",0.6730461,0.42617241,0.54960926,32.7755,-117.19557,-87,-0.089270825,-0.12724375,34,NA,NA,NA,43.06966333,-1,71.83441667,2.24e-05,32,61,-0.0529125,-0.071458334,-22
"337","SMC13214","SMC13214_05222013_BMI_RWB_MCM_1","5/22/13",0.50994226,0.39927356,0.45460791,33.80453,-117.87242,-77.5,0.012075,59.53682094,36.5,NA,NA,NA,1941.461443,36.5,2295.098815,0.050250578,-0.5,12.5,0.427433333,-88.37151875,-13
"338","SMC13599","SMC13599_06042012_BMI_RWB_1","6/4/12",1.11527261,0.81400728,0.96463994,34.49889,-119.34172,0,-0.000645833,-0.000968666,0,NA,NA,NA,-0.00064,0,-0.000833167,-3.95e-07,0,0,0.017750183,0.008375016,0
"339","SMC13630","SMC13630_06212012_BMI_RWB_1","6/21/12",0.77016709,0.47040609,0.62028659,33.86119,-118.10351,126,-0.873637083,0.194168749,-167,NA,NA,NA,936.6080082,-11,398.66825,-5.97e-08,34,70.5,-1.271975,-5.83567,-35
"340","SMC14099","SMC14099_06132013_BMI_RWB_1","6/13/13",0.77772298,0.35978577,0.56875438,33.62772,-117.73558,-43,0.001,0,-30,NA,NA,NA,25.38864166,-69,10.47504167,3.93e-05,48,76,0,-0.238864592,-29
"341","SMC15678","SMC15678_06252013_BMI_RWB_1","6/25/2013",0.23905007,0.20209002,0.22057005,33.80989,-118.09075,197.5,0.00095,0.0102875,-164,NA,NA,NA,243.677565,81,431.0257117,-6.82e-07,-1,79,-0.0404875,-0.018520834,-9
"342","SMC16446","SMC16446_06212012_BMI_RWB_1","6/21/12",0.97485814,0.72786163,0.85135989,34.41319,-119.27282,0,0.15275,0.0230437,-5,NA,NA,NA,4.018279383,-10,11.44441835,2.09e-08,0,-1,0.030425,0.368375,-1.5
"343","SMC16832","SMC16832_07102018_BMI_RWB_MCM_1","7/10/18",0.38458256,0.22569987,0.30514122,33.88444,-118.10855,-0.5,-2.22314583,0.615379,-143,NA,NA,NA,1141.732276,13.5,792.778585,-3.38e-08,-1,64.5,-4.3357165,-3.7790525,-58
"344","SMC16980","SMC16980_07062011_BMI_RWB_1","7/6/11",1.14441275,0.93237563,1.03839419,34.43268,-119.24974,9.5,0.027479167,0.009,-18,NA,NA,NA,0.924644417,-62,11.49261002,2.56e-08,0,0,0,0.008114583,-11
"345","SMC17056","SMC17056_07022009_BMI_RWB_1","7/2/2009",0.82775504,0.5875206,0.70763782,34.4263,-118.5779,-136,-0.04,-1.5,-34,NA,NA,NA,118.0550019,-38,83.06683333,0.000683877,0,0,0.03,0.1,-8
"346","SMC17692","SMC17692_06122013_BMI_RWB_1","6/12/2013",0.98640379,0.61567277,0.80103828,34.41887,-118.63264,43.5,0.01,-0.51,-61,NA,NA,NA,152.307505,-86,115.4729167,0.059065392,-23,-42,-0.37,0.1,-10.5
"347","SMC18545","SMC18545_06252013_BMI_RWB_1","6/25/13",1.09317744,0.57993177,0.8365546,34.48452,-119.30834,0,-0.00197917,-0.00263167,0,NA,NA,NA,-0.002834532,0,-0.00279167,-1.31e-07,0,0,0.00231665,0,0
"348","SMC19697","SMC19697_06242013_BMI_RWB_1","6/24/13",1.09382674,0.5550437,0.82443522,34.34807,-119.30096,NA,0,0,0,NA,NA,NA,9.14745,0,7.7908334,-2.87e-05,0,1,0,0.019958333,-1
"349","SMC19809","SMC19809_06252013_BMI_RWB_1","6/25/13",1.29529466,0.71806876,1.00668171,34.50141,-119.3531,0,-0.00040625,-0.000702083,0,NA,NA,NA,-0.00079188,0,-0.000708,1.62e-07,0,0,0.019845834,0.011666667,0
"350","SMC19945","SMC19945_06252013_BMI_RWB_1","6/25/13",1.10091815,0.93162723,1.01627269,34.50486,-119.28186,0,-0.00407275,-0.005610417,0,NA,NA,NA,0.005129324,0,-0.02025,3.12e-06,0,0,-0.003,-0.004875,0
"351","SMC20032","SMC20032_06182010_BMI_RWB_1","6/18/10",0.25638837,0.32171354,0.28905096,33.87664,-118.10774,24.5,-2.039045,0.293324733,-143,NA,NA,NA,1055.868288,13,766.84773,4.29e-07,-1,62.5,-4.260507415,-4.215282915,-30.5
"352","SMC20092","SMC20092_06132013_BMI_RWB_1","6/13/2013",1.01067727,0.69206359,0.85137043,34.4141,-118.65608,43.5,0.06,-0.51,-61,NA,NA,NA,142.2535833,-93,77.76604167,0.012515017,9,9.5,-0.37,0.1,-11.5
"353","SMC20994","SMC20994_06172013_BMI_RWB_1","6/17/2013",0.79345446,0.43214847,0.61280146,34.03639,-118.51129,-187,0,0.43,-12,NA,NA,NA,4.105810416,-81,1.490375,-0.021846809,9,30.5,-0.02,-2.493125,-6
"354","SMC21382","SMC21382_06132013_BMI_RWB_1","6/13/2013",1.0294023,0.71286738,0.87113484,34.40663,-118.6694,46.5,0.06,-0.51,-61,NA,NA,NA,158.02106,-68,103.968125,0.018176791,-15,8,0.03,0.1,-9.5
"355","SMC21796","SMC21796_06142013_BMI_RWB_1","6/14/2013",0.60791413,0.44982254,0.52886834,33.99108,-118.40916,-63,0.183854167,2.416225,-18,-15.5,1051.138646,-34,934.5637953,-70,828.9967517,3.65e-06,43.5,102.5,-0.0014,-50.33238542,-64
"356","SMC21822","SMC21822_06212010_BMI_RWB_1","6/21/10",1.00726819,0.60693452,0.80710135,33.87234,-117.70876,NA,0.019816667,16.43483334,71,NA,NA,NA,1288.984182,71,1160.85721,0.067529467,0,34,2.102025,-899.424375,-9
"357","SMC24222","SMC24222_06212010_BMI_RWB_1","6/21/10",0.89251612,0.57056767,0.7315419,33.87151,-117.71724,NA,0.018608333,15.72552083,44,NA,NA,NA,1170.514641,44,1292.90796,0.052182367,0,33,2.115191667,-82.085125,-9
"358","SMC29064","SMC29064_06252012_BMI_RWB_1","6/25/12",0.86727105,0.91711734,0.89219419,33.79564,-116.7426,-1,0,0,-4,NA,NA,NA,-5.35e-05,-4,0,-4.2e-06,0,0,0,0,0
"359","SMC32897","SMC32897_05152014_BMI_RWB_1","5/15/14",0.38870889,0.40627221,0.39749055,33.86921,-117.21318,NA,0,0,NA,NA,NA,NA,0.595521875,NA,NA,0.387865605,NA,NA,-0.0015,-0.001,NA
"360","SMC34888","SMC34888_06242010_BMI_RWB_1","6/24/10",1.10641874,0.69659429,0.90150652,33.77386,-117.68432,-4,0.006354166,0,-1,NA,NA,NA,-0.002800817,0,-0.07075,5.32e-07,-1,-1,0,0,-5
"361","SMC35837","SMC35837_06252012_BMI_RWB_1","6/25/12",0.49493697,0.77382652,0.63438174,33.7364,-116.8261,0.5,-0.002468933,-0.004473333,0,NA,NA,NA,0.034052012,0,1.3522925,3.65e-06,0,0,-0.000999998,-0.010250334,0
"362","SMC40887","SMC40887_06122013_BMI_RWB_1","6/12/13",1.25124773,0.87814381,1.06469577,33.76317,-117.46378,-101,-0.575530333,-0.573190802,-6,NA,NA,NA,80.60750497,-25,188.18277,-2.45e-06,-80,7.5,-2.306597084,-0.7018575,-0.5
"363","SMCR8_007","SMCR8_007_06222006_BMI_RWB_1","6/22/2006",0.42581508,0.741828,0.58382154,34.0952,-116.96447,0,-0.0020625,-0.0023125,0,NA,NA,NA,-0.00230395,0,-0.01104167,-3.24e-07,0,0,0,-0.001020833,0
"364","SMCR8_011","SMCR8_011_06152006_BMI_RWB_1","6/15/2006",0.64005872,0.67082007,0.6554394,33.850751,-117.7835252,-42,-0.040416667,-0.05920834,50.5,NA,NA,NA,3.174437441,51.5,5.3893583,4.7e-06,0,22,-0.024414583,-0.025041634,-19
"365","SMCR8_012","SMCR8_012_05312006_BMI_RWB_1","5/31/2006",0.35944321,0.83424838,0.5968458,33.91909,-117.82201,-94,0,0.200525,-13,NA,NA,NA,1.846301667,-77,0.461458333,-0.57677404,-13,24,-2.032783334,-0.699979167,-36
"366","SMCR8_019","SMCR8_019_06152006_BMI_RWB_1","6/15/2006",0.67321659,0.61857205,0.64589432,33.92417,-117.59778,-17,0.06,0.005666667,-10,NA,NA,NA,0.1,-8,-1.89375,-0.30445126,0,-1,0.03,0.1,0
"367","SMCR8_020","SMCR8_020_06162006_BMI_RWB_1","6/16/2006",0.72423025,0.9729068,0.84856852,33.76698,-116.6902,0,0,9.99e-08,0,NA,NA,NA,0,0,0,5.68e-08,0,0,6.25e-05,0.000895833,0
"368","SMCR8_025","SMCR8_025_06162007_BMI_RWB_1","6/16/2007",0.78228746,1.09336579,0.93782662,34.1739,-116.9839,-1,0,-1.33e-07,-2,NA,NA,NA,0,-3,0,-2.88e-07,0,-2,0,0,0
"369","SMCR8_028","SMCR8_028_06042006_BMI_RWB_1","6/4/2006",0.44604137,0.59012171,0.51808154,34.2026,-117.44583,1,0.1,0.1,12,NA,NA,NA,0,12,0,-0.02,0,-1,0,0,1
"370","SMCR8_034","SMCR8_034_06222006_BMI_RWB_1","6/22/2006",0.39320791,0.90972375,0.65146583,34.08909,-116.92669,0,0,0,0,NA,NA,NA,0.00523229,0,0.2760708,-1.96e-05,0,0,0,0,0
"371","SMCR8_035","SMCR8_035_06222006_BMI_RWB_1","6/22/2006",0.70820625,0.97491209,0.84155917,34.08193,-116.89027,-1,0,0,-12,NA,NA,NA,-1.45e-05,-12,0,-3.84e-06,0,0,0,0,0
"372","SMCR8_042","SMCR8_042_05312006_BMI_RWB_1","5/31/2006",0.22448387,0.36786087,0.29617237,33.94623,-117.61423,148.5,-0.65208325,-0.450243533,-93,NA,NA,NA,142.4868616,-120,86.8766875,-0.000112636,-27,-5.5,-0.702896,-0.841322833,27
"373","SMCR8_046","SMCR8_046_06052008_BMI_RWB_1","6/5/2008",0.67015301,0.57858071,0.62436686,33.79096,-117.71949,-0.5,0.001291675,0.000179175,-5,NA,NA,NA,-0.000127117,0,-5e-04,2.55e-06,0,-1,-0.000483334,-0.030166667,-1
"374","SMCR8_048","SMCR8_048_05112008_BMI_RWB_1","5/11/2008",0.36145757,0.33341102,0.3474343,33.71756,-117.78945,132,-0.106770833,-0.069,-104,NA,NA,NA,24.36232812,-109,15.31825,0.000120634,66.5,148,-0.08935625,-0.145020817,11
"375","SMCR8_057","SMCR8_057_05182008_BMI_RWB_1","5/18/2008",1.2183296,0.87417675,1.04625317,34.25033,-117.54376,0,0,0,0,NA,NA,NA,0,0,8.35e-07,0,0,0,0,0,0
"376","SMCR8_062","SMCR8_062_06232006_BMI_RWB_1","6/23/2006",0.72204875,0.86766092,0.79485484,34.21257,-117.45844,1,0.1,0.1,12,NA,NA,NA,0,12,0,-0.02,0,-1,0,0,1
"377","SMCR8_069","SMCR8_069_06012007_BMI_RWB_1","6/1/2007",1.15020346,1.09385998,1.12203172,34.2481,-117.51276,0,0,0,0,NA,NA,NA,-1.2e-07,0,0,0,0,0,0,0,0
"378","SMCR8_070","SMCR8_070_06172006_BMI_RWB_1","6/17/2006",0.65141167,0.81429965,0.73285566,33.77122,-116.7675,0,-0.001041666,-0.001633533,0,0.5,0.091307055,0,-0.002453333,-1,-0.002124667,-3.83e-07,0,-1,-0.002271067,-0.002166333,0
"379","SMCR8_071","SMCR8_071_06052008_BMI_RWB_1","6/5/2008",0.66990089,0.67113209,0.67051649,33.75347,-117.67887,-2,0.006625033,0.00517917,-1,NA,NA,NA,0.197698881,-8,0.407875,3.28e-06,0,0,-7.5e-05,-0.0006875,-2
"380","SMCR8_074","SMCR8_074_06252008_BMI_RWB_1","6/25/2008",0.7845827,0.6538928,0.71923775,34.08167,-116.8887,-2,0,0,-41,NA,NA,NA,0,-46,0,-6.56e-06,0,0,0,0,0
"381","SMCR8_080","SMCR8_080_06242008_BMI_RWB_1","6/24/2008",1.26747029,0.97027367,1.11887198,34.1584,-116.88742,-15,0,0,-7,NA,NA,NA,0,-8,0,-7.24e-08,1,0,0,0,0
"382","SMCR8_105","SMCR8_105_06022007_BMI_RWB_1","6/2/2007",0.96436591,0.82433817,0.89435204,34.25265,-117.4925,NA,-0.0154583,-0.006020867,-1,NA,NA,NA,-0.004098286,0,-0.019833167,-1.22e-06,-0.5,0.5,0.011410409,0.001,-1
"383","SMCR8_106","SMCR8_106_06162007_BMI_RWB_1","6/16/2007",0.88469092,1.05368089,0.9691859,34.15508,-116.88528,-6,0,0,-7,NA,NA,NA,0,-8,0,-1.11e-07,1,1,0,0,0
"384","SMCR8_118","SMCR8_118_06112008_BMI_RWB_1","6/11/08",0.774353,0.71594306,0.74514803,34.27906,-117.47566,NA,0.009604167,0.003845818,0,NA,NA,NA,-0.00588585,NA,-0.17469,6.58e-06,NA,NA,-0.013760417,0.004291667,NA
"385","SMCR8_142","SMCR8_142_07082008_BMI_RWB_1","7/8/2008",0.77299814,0.665622,0.71931007,33.77361,-117.68839,-39,0.036395833,0.07195,0,NA,NA,NA,0.001795842,0,-0.08447667,2.14e-07,0,0,0,-0.256749995,-9
"386","SMCR8_147","SMCR8_147_05192007_BMI_RWB_1","5/19/2007",0.51029346,1.01070282,0.76049814,33.79427,-116.74714,-5,0,0,-1,NA,NA,NA,0,-5,0,-0.000478732,0,0,0,0,0
"387","SMCR8_149","SMCR8_149_07082008_BMI_RWB_1","7/8/2008",1.12465324,0.72547994,0.92506659,33.76593,-117.67927,-4,0.0118125,-0.129,-1,NA,NA,NA,-0.034410213,-1,0.256958333,5.34e-08,0,-3,-0.000137497,-0.00904167,-2
"388","SMCR8_151","SMCR8_151_06102007_BMI_RWB_1","6/10/2007",0.50128209,0.68854221,0.59491215,33.98873,-117.39614,-59,0,1.385666667,-69,NA,NA,NA,643.7305233,40.5,756.3764167,-0.137497039,-9.5,-53,-0.7,-224.5625835,-32.5
"389","SMCR8_153","SMCR8_153_06162008_BMI_RWB_1","6/16/2008",0.78554409,0.46533193,0.62543801,33.82397,-117.50602,-48,0.008954167,0.8030125,22,NA,NA,NA,323.8086383,-9,168.3885,-0.20539748,20.5,62,-8.75566661,0.98125,-30
"390","SMCR8_155","SMCR8_155_06302008_BMI_RWB_1","6/30/2008",1.01474004,0.86655243,0.94064623,33.80703,-116.77699,-1,0,0,-6,NA,NA,NA,0,-7,0,-0.002431777,0,-1,0,0,0
"391","SMCR8_160","SMCR8_160_06072006_BMI_RWB_1","6/7/2006",0.71113,0.64336872,0.67724936,33.73134,-116.8102,-2,-0.030358335,-0.01006225,0,NA,NA,NA,-0.0718256,0,-0.05625,6.98e-07,0,0,-0.05375,-0.12163,-1
"392","SMCR8_162","SMCR8_162_06162008_BMI_RWB_1","6/16/2008",0.8044659,0.43419652,0.61933121,33.73786,-117.4173,-59,0,1.7799,-51,NA,NA,NA,270.2639083,-78,108.0442917,-0.04568024,28,31,-1.993241667,-232.4332915,-30
"393","SMCR8_163","SMCR8_163_05192007_BMI_RWB_1","5/19/2007",0.51023943,1.06591254,0.78807598,33.79478,-116.74829,-4,0,0,0,NA,NA,NA,0,-2,0,-1.68e-09,0,0,0,0,0
"394","SMCR8_172","SMCR8_172_06162006_BMI_RWB_1","6/16/2006",0,0.91824478,0.45912239,33.78651,-116.8323,-1,0,0,-4,NA,NA,NA,0,-8,0,0,0,-3,0,0,-1
"395","SMCR8_203","SMCR8_203_05292007_BMI_RWB_1","5/29/2007",0.76318594,1.13844989,0.95081791,34.18658,-116.91801,-3,0,0,-1,NA,NA,NA,0,-3,0,-0.000453966,0,-6,0,0,0
"396","SMCR8_218","SMCR8_218_06232009_BMI_RWB_1","6/23/09",0.43721671,0.77677169,0.6069942,33.80978,-116.7403,-2,-0.00064585,-0.001093733,0,-3.5,0.190942606,0,-0.001185428,0,-0.004291666,-4.76e-06,0,-3,-0.027233333,-0.001833334,-1
"397","SMCR8_219","SMCR8_219_07062009_BMI_RWB_1","7/6/09",0.67421868,1.21943978,0.94682923,34.11105,-116.99195,-9,0,0,0,NA,NA,NA,0,-1,0,-0.0005267,0,0,0,0,-1
"398","SMCR8_267","SMCR8_267_06272006_BMI_RWB_1","6/27/2006",0.44226809,0.65959483,0.55093146,33.67606,-116.67871,-9,-0.000645834,-0.002,0,NA,NA,NA,-0.004502083,0,-0.006791333,-1.01e-05,0,0,-0.001250033,-0.001416666,-1
"399","SMCR8_270","SMCR8_270_06302008_BMI_RWB_1","6/30/2008",1.00541247,0.40702682,0.70621965,33.72944,-116.74809,1,0.09975,0.09855,11,NA,NA,NA,0,-31,0,-0.02,0,-1,0,0,1
"400","SMCR8_272","SMCR8_272_06252008_BMI_RWB_1","6/25/2008",0.69998073,0.75229901,0.72613987,34.08788,-116.91434,-6,0,0,0,NA,NA,NA,0,-1,0,0,0,0,0,0,-1
"401","SMCR8_346","SMCR8_346_06022007_BMI_RWB_1","6/2/2007",0.62551223,0.915488,0.77050011,34.23613,-117.49604,-4,0.0020106,-0.00742917,0,NA,NA,NA,-0.00703012,-1,-0.018584331,4.93e-06,0,1,-0.0014,0.0001875,-4
"402","SMCR8_351","SMCR8_351_06192008_BMI_RWB_1","6/19/08",0.33636642,0.62795729,0.48216186,33.97295,-117.51806,NA,0,0,42,NA,NA,NA,925.2119576,42,147.97279,-0.231991447,0,7,0,43.818775,-7
"403","SMCR8_362","SMCR8_362_07172008_BMI_RWB_1","7/17/2008",0.77261815,0.97715135,0.87488475,34.23904,-117.49896,-0.5,0.008302242,0.002529159,-1,NA,NA,NA,-0.0013333,-0.5,-0.09631417,3.33e-06,0,1,-0.001208367,0.000125033,-1
"404","SMCR8_370","SMCR8_370_06172007_BMI_RWB_1","6/17/2007",0.59386859,0.68283562,0.63835211,34.10015,-117.02393,-2,-0.002,-0.002871167,-1,NA,NA,NA,-0.006593534,-1,-0.006,5.91e-06,-1,-3,-0.001733367,-0.0063125,0
"405","SMCR8_375","SMCR8_375_04192007_BMI_RWB_1","4/19/2007",0.69602838,1.22723238,0.96163038,33.75657,-116.70164,-2,0,0,0,NA,NA,NA,0,-1,0,0,0,0,0,0,-1
"406","SMCR8_419","SMCR8_419_04192007_BMI_RWB_1","4/19/2007",0.56445899,1.02013249,0.79229574,33.74266,-116.71364,1,-0.001052083,-0.001572917,0,NA,NA,NA,-0.001489584,0,-0.006458333,-1.06e-06,-1,0,-0.0005125,-0.0006875,-3
"407","SMCR8_446","SMCR8_446_06092007_BMI_RWB_1","6/9/2007",0.76467646,1.24893691,1.00680669,34.18543,-117.18567,-7,-0.00565625,-0.002516533,-2,NA,NA,NA,0.016505917,-1,0.057791333,5.41e-05,-1,-4,-0.005675,-0.001,-8
"408","SMCR8_453","SMCR8_453_04202007_BMI_RWB_1","4/20/2007",0.57176397,0.48118297,0.52647347,33.73882,-116.82834,0.5,-0.0043645,-0.001754166,0,NA,NA,NA,0.514095836,0,1.08272915,2.21e-06,0,0,-0.005333336,-0.02601833,0
"409","SMCR8_474","SMCR8_474_07052009_BMI_RWB_1","7/5/09",0.78298411,0.89565755,0.83932083,34.24826,-117.62775,-1,0,0,-1,NA,NA,NA,0,-2,0,-0.002761041,1,-1,0,0,-1
"410","SMCR8_480","SMCR8_480_07082008_BMI_RWB_1","7/8/2008",0.12914001,0.24667028,0.18790515,33.80402,-118.08385,-6,0,0.00045,37,NA,NA,NA,827.1588836,-57,504.544075,2.36e-06,48,69,0.000283334,-4.72374626,-13
"411","SMCR8_496","SMCR8_496_07012008_BMI_RWB_1","7/1/2008",1.2425395,0.49265368,0.86759659,33.68738,-116.68416,-1,0,0,0,NA,NA,NA,0,-1,0,0,0,-1,0,0,0
"412","SMCR8_513","SMCR8_513_06222009_BMI_RWB_1","6/22/09",1.10162101,0.78805911,0.94484006,33.71777,-116.76274,NA,-5e-04,0,-13,NA,NA,NA,-9.48e-05,-6.5,-0.014666666,-4.36e-06,0,-2,0,-0.002166667,2
"413","SMCR8_528","SMCR8_528_05252008_BMI_RWB_1","5/25/2008",0.51000921,0.62968817,0.56984869,33.87273,-117.71305,NA,0.019025,14.993625,73,NA,NA,NA,1164.237317,73,1238.00008,0.051240006,0,34,2.103733333,-493.569125,-9
"414","SMCR8_530","SMCR8_530_05292007_BMI_RWB_1","5/29/2007",0.5622131,0.9526149,0.757414,34.17834,-116.90881,2,0.1,0.1,12,NA,NA,NA,0,12,0,-0.02,0,-2,0,0,2
"415","SMCR8_543","SMCR8_543_05192007_BMI_RWB_1","5/19/2007",0.47978956,0.88012565,0.6799576,33.80281,-116.73208,-6,0,0,-38,NA,NA,NA,0,-38,0,-0.000398429,0,-3,0,0,-1
"416","SMCR8_587","SMCR8_587_05182007_BMI_RWB_1","5/18/2007",0.58024666,0.86558511,0.72291588,33.72206,-116.80423,-3,0.111229165,0.010107168,0,NA,NA,NA,0.554961667,0,2.16912333,8.03e-06,0,0,0.054562,0.38875,-2
"417","SMCR8_605","SMCR8_605_07012009_BMI_RWB_1","7/1/09",0.56482775,0.50553423,0.53518099,33.73776,-116.72825,-2.5,0.0015625,-0.0008125,0,NA,NA,NA,-0.005805191,-1,-0.012062667,6.05e-06,0,-1,-0.001439587,0.0024479,-5
"418","SMCR8_635","SMCR8_635_05202007_BMI_RWB_1","5/20/2007",0.1529985,0.76512553,0.45906202,33.80349,-116.78271,-3,0,0,-2,NA,NA,NA,0,-6,0,-0.056231003,0,-1,0,0,-1
"419","SMCR8_688","SMCR8_688_07012009_BMI_RWB_1","7/1/09",0.5795684,0.59621084,0.58788962,33.75289,-116.70609,0.5,-0.000781267,-0.000504157,0,NA,NA,NA,-0.000375033,0,-0.011416667,9.65e-07,0,-1,-0.00015,-0.009125,0
"420","SMCR8_713","SMCR8_713_06232006_BMI_RWB_1","6/23/2006",0.65536081,1.1040236,0.8796922,34.24908,-117.63127,3,0,0,-1,NA,NA,NA,0,-1.5,0,-0.005521972,1,-0.5,0,0,-1
