,stationcode,objectid,sampleid,sampledate,samplemonth,sampleday,sampleyear,collectionmethodcode,fieldreplicate,databasecode,count,number_of_mmi_iterations,number_of_oe_iterations,pcnt_ambiguous_individuals,pcnt_ambiguous_taxa,e,mean_o,oovere,oovere_percentile,mmi,mmi_percentile,csci,csci_percentile,scoredate,scorenotes,cleaned,rand,processed_by,record_origin,origin_lastupdatedate,record_publish,masterid,latitude,longitude,county,huc,smcshed,smc_lu,probabilistic
1,312WE1028,2137,312WE1028_05292002_BMI_RWB_1.0,5/29/2002,5,29,2002,BMI_RWB,1,NA,474,1,20,0.84388186,3.50877193,12.15017204,15.6,1.28393244,0.93,0.73128893,0.07,1.00761068,0.52,7/30/2021 23:00,Distinct set to NA,Yes,2,machine,CEDEN,7/30/2021 23:00,TRUE,312WE1028,34.74721,-119.71562,Santa Barbara,312,SMC_out,SMC_out,TRUE
2,312WE1035,2139,312WE1035_05302002_BMI_RWB_1.0,5/30/2002,5,30,2002,BMI_RWB,1,NA,507,20,20,2.76134122,1.72413793,10.16325457,10,0.98393678,0.47,1.15885541,0.81,1.0713961,0.67,7/30/2021 23:00,Distinct set to NA,Yes,2,machine,CEDEN,7/30/2021 23:00,TRUE,312WE1035,34.73287,-119.67637,Santa Barbara,312,SMC_out,SMC_out,TRUE
3,314CE0200,2147,314CE0200_05222007_BMI_RWB_1.0,5/22/2007,5,22,2007,BMI_RWB,1,NA,602,20,20,2.49169435,7.69230769,7.87112473,4.95,0.6288809,0.03,0.41428521,0,0.52158305,0,7/30/2021 23:00,Distinct set to NA,Yes,2,machine,CEDEN,7/30/2021 23:00,TRUE,314CE0200,34.59277,-120.16055,Santa Barbara,314,SMC_out,SMC_out,TRUE
4,314SCCNSY,2152,314SCCNSY_04232014_BMI_RWB_1.0,4/23/2014,4,23,2014,BMI_RWB,1,NA,562,20,20,1.2455516,6.52173913,7.84380988,7,0.89242347,0.29,0.66812967,0.03,0.78027657,0.09,7/30/2021 23:00,Distinct set to NA,Yes,2,machine,CEDEN,7/30/2021 23:00,TRUE,314SCCNSY,34.5967,-119.9088,Santa Barbara,314,SMC_out,SMC_out,FALSE
5,314SYC,2153,314SYC_04152001_BMI_CSBP_Trans_1.0,4/15/2001,4,15,2001,BMI_CSBP_Trans,1,NA,938,20,20,0.42964554,12.90322581,7.87194483,7.65,0.97180559,0.44,0.7031421,0.05,0.83747385,0.16,7/30/2021 23:00,Distinct set to NA,Yes,2,machine,CEDEN,7/30/2021 23:00,TRUE,314SYC,34.58799,-120.02651,Santa Barbara,314,SMC_out,SMC_out,FALSE
6,314SYL,2159,314SYL_06292011_BMI_RWB_MCM_1.0,6/29/2011,6,29,2011,BMI_RWB_MCM,1,NA,643,20,20,4.04354588,9.375,7.63390204,6.7,0.87766387,0.26,0.69209471,0.04,0.78487929,0.09,7/30/2021 23:00,Distinct set to NA,Yes,2,machine,CEDEN,7/30/2021 23:00,TRUE,314SYL,34.64387,-120.43045,Santa Barbara,314,SMC_out,SMC_out,FALSE
7,314SYRASV,2163,314SYRASV_04222014_BMI_RWB_1.0,4/22/2014,4,22,2014,BMI_RWB,1,NA,580,20,20,2.94117647,10.71428571,7.87670575,4.45,0.56495699,0.01,0.64710901,0.02,0.606033,0.01,7/30/2021 23:00,Distinct set to NA,Yes,2,machine,CEDEN,7/30/2021 23:00,TRUE,314SYRASV,34.585,-120.1446,Santa Barbara,314,SMC_out,SMC_out,FALSE
8,314WE0542,2164,314WE0542_07112000_BMI_CSBP_Trans_1.0,7/11/2000,7,11,2000,BMI_CSBP_Trans,1,NA,908,20,20,0.11013216,2.3255814,9.66918561,9.2,0.9514762,0.4,0.82783002,0.17,0.88965311,0.25,7/30/2021 23:00,Distinct set to NA,Yes,2,machine,CEDEN,7/30/2021 23:00,TRUE,314WE0542,34.55085,-120.3583,Santa Barbara,314,SMC_out,SMC_out,TRUE
9,314WE0677,2169,314WE0677_07232008_BMI_RWB_1.0,7/23/2008,7,23,2008,BMI_RWB,1,NA,577,20,20,1.73310225,3.22580645,11.93347397,10.7,0.89663748,0.29,1.01038699,0.52,0.95351224,0.39,7/30/2021 23:00,Distinct set to NA,Yes,2,machine,CEDEN,7/30/2021 23:00,TRUE,314WE0677,34.7477,-120.05303,Santa Barbara,314,SMC_out,SMC_out,TRUE
10,314WE0779,2170,314WE0779_07112001_BMI_CSBP_Trans_1.0,7/11/2001,7,11,2001,BMI_CSBP_Trans,1,NA,890,20,20,0.2247191,3.17460317,9.12322317,10.85,1.18927267,0.84,1.02109537,0.55,1.10518402,0.74,7/30/2021 23:00,Distinct set to NA,Yes,2,machine,CEDEN,7/30/2021 23:00,TRUE,314WE0779,34.66959,-119.75404,Santa Barbara,314,SMC_out,SMC_out,TRUE
11,314WE0796,2175,314WE0796_07102001_BMI_CSBP_Trans_1.0,7/10/2001,7,10,2001,BMI_CSBP_Trans,1,NA,904,20,20,1.21681416,4.10958904,14.15604122,16.85,1.19030453,0.84,1.02732118,0.56,1.10881286,0.75,7/30/2021 23:00,Distinct set to NA,Yes,2,machine,CEDEN,7/30/2021 23:00,TRUE,314WE0796,34.68351,-119.79875,Santa Barbara,314,SMC_out,SMC_out,TRUE
12,314WE1046,2181,314WE1046_06122002_BMI_RWB_1.0,6/12/2002,6,12,2002,BMI_RWB,1,NA,493,1,20,4.05679513,1.72413793,11.83436038,12.7,1.0731463,0.65,1.16384957,0.82,1.11849793,0.77,7/30/2021 23:00,Distinct set to NA,Yes,2,machine,CEDEN,7/30/2021 23:00,TRUE,314WE1046,34.5365,-119.83603,Santa Barbara,314,SMC_out,SMC_out,TRUE
13,315CE0584,2191,315CE0584_06072006_BMI_RWB_1.0,6/7/2006,6,7,2006,BMI_RWB,1,NA,464,1,20,1.07758621,7.14285714,7.59320042,10,1.31696774,0.95,0.92584944,0.34,1.12140859,0.78,7/30/2021 23:00,Distinct set to NA,Yes,2,machine,CEDEN,7/30/2021 23:00,TRUE,315CE0584,34.47666,-120.33833,Santa Barbara,315,SMC_out,SMC_out,TRUE
14,315MIU,2211,315MIU_04282008_BMI_RWB_1.0,4/28/2008,4,28,2008,BMI_RWB,1,NA,605,20,20,0.99173554,4.08163265,8.31458486,9.35,1.12452999,0.74,0.90859651,0.3,1.01656325,0.54,7/30/2021 23:00,Distinct set to NA,Yes,2,machine,CEDEN,7/30/2021 23:00,TRUE,315MIU,34.44673,-119.70745,Santa Barbara,315,SMC_out,SMC_out,FALSE
15,402WE0536,2266,402WE0536_06142000_BMI_CSBP_Trans_1.0,6/14/2000,6,14,2000,BMI_CSBP_Trans,1,NA,902,20,20,0.66518847,6.66666667,11.11216318,14.4,1.2958773,0.94,1.00804774,0.52,1.15196252,0.83,7/30/2021 23:00,Distinct set to NA,Yes,2,machine,CEDEN,7/30/2021 23:00,TRUE,402WE0536,34.5196,-119.40537,Ventura,402,Ventura,Open,TRUE
16,402WE0803,2269,402WE0803_06122001_BMI_CSBP_Trans_1.0,6/12/2001,6,12,2001,BMI_CSBP_Trans,1,NA,890,20,20,0.4494382,6.25,12.28994177,11.55,0.9397929,0.38,0.90219327,0.29,0.92099308,0.31,7/30/2021 23:00,Distinct set to NA,Yes,2,machine,CEDEN,7/30/2021 23:00,TRUE,402WE0803,34.42131,-119.3806,Ventura,402,Ventura,Open,TRUE
17,403PRCSFD,2336,403PRCSFD_04212014_BMI_RWB_1.0,4/21/2014,4,21,2014,BMI_RWB,1,NA,529,20,20,8.50661626,2.77777778,7.79118119,7.6,0.97546185,0.45,0.57347489,0.01,0.77446837,0.08,7/30/2021 23:00,Distinct set to NA,Yes,2,machine,CEDEN,7/30/2021 23:00,TRUE,403PRCSFD,34.4603,-118.752,Ventura,403,Santa Clara,Open,FALSE
18,403SPCNWS,2412,403SPCNWS_04222014_BMI_RWB_1.0,4/22/2014,4,22,2014,BMI_RWB,1,NA,573,20,20,0.34904014,2.56410256,7.06973028,8.95,1.2659606,0.92,0.95852337,0.41,1.11224199,0.76,7/30/2021 23:00,Distinct set to NA,Yes,2,machine,CEDEN,7/30/2021 23:00,TRUE,403SPCNWS,34.5778,-119.2579,Ventura,403,Santa Clara,Open,FALSE
19,403STC009,2417,403STC009_02052003_BMI_CSBP_Trans_1.0,2/5/2003,2,5,2003,BMI_CSBP_Trans,1,NA,912,20,20,0,0,7.8086113,7.35,0.94126852,0.38,1.11768381,0.74,1.02947617,0.57,7/30/2021 23:00,Distinct set to NA,Yes,2,machine,CEDEN,7/30/2021 23:00,TRUE,403STC009,34.53833,-118.75889,Los Angeles,403,Santa Clara,Open,FALSE
20,403STC019,2426,403STC019_02042003_BMI_CSBP_Trans_1.0,2/4/2003,2,4,2003,BMI_CSBP_Trans,1,NA,892,20,20,0,0,7.73175603,5.35,0.69195148,0.05,0.34388437,0,0.51791793,0,7/30/2021 23:00,Distinct set to NA,Yes,2,machine,CEDEN,7/30/2021 23:00,TRUE,403STC019,34.42556,-118.57917,Los Angeles,403,Santa Clara,Urban,FALSE
21,403STC070,2450,403STC070_02052003_BMI_CSBP_Trans_1.0,2/5/2003,2,5,2003,BMI_CSBP_Trans,1,NA,876,20,20,0.2283105,4.16666667,7.07215059,8.9,1.25845737,0.91,0.96232607,0.42,1.11039172,0.75,7/30/2021 23:00,Distinct set to NA,Yes,2,machine,CEDEN,7/30/2021 23:00,TRUE,403STC070,34.56667,-119.26278,Ventura,403,Santa Clara,Open,FALSE
22,403WE0558,2497,403WE0558_06282000_BMI_CSBP_Trans_1.0,6/28/2000,6,28,2000,BMI_CSBP_Trans,1,NA,861,20,20,0,0,11.12657093,11,0.98862444,0.48,0.98281226,0.46,0.98571835,0.46,7/30/2021 23:00,Distinct set to NA,Yes,2,machine,CEDEN,7/30/2021 23:00,TRUE,403WE0558,34.49347,-118.45703,Los Angeles,403,Santa Clara,Open,TRUE
23,403WE0560,2500,403WE0560_05092019_BMI_RWB_1.0,5/9/2019,5,9,2019,BMI_RWB,1,NA,596,20,20,11.24161074,17.46031746,9.73661402,8,0.82164087,0.17,0.8007002,0.13,0.81117054,0.12,7/30/2021 23:00,Distinct set to NA,Yes,2,machine,CEDEN,7/30/2021 23:00,TRUE,403WE0560,34.55841,-119.14079,Ventura,403,Santa Clara,Open,TRUE
24,403WE0795,2520,403WE0795_06062001_BMI_CSBP_Trans_1.0,6/6/2001,6,6,2001,BMI_CSBP_Trans,1,NA,875,20,20,0.57142857,6.4516129,6.51781507,7,1.07397954,0.65,1.09907657,0.71,1.08652805,0.71,7/30/2021 23:00,Distinct set to NA,Yes,2,machine,CEDEN,7/30/2021 23:00,TRUE,403WE0795,34.6408,-119.08094,Ventura,403,Santa Clara,Open,TRUE
25,403WE0809,2523,403WE0809_06052001_BMI_CSBP_Trans_1.0,6/5/2001,6,5,2001,BMI_CSBP_Trans,1,NA,896,20,20,0.11160714,1.4084507,6.52400086,7.9,1.21091339,0.87,1.2855754,0.94,1.24824439,0.94,7/30/2021 23:00,Distinct set to NA,Yes,2,machine,CEDEN,7/30/2021 23:00,TRUE,403WE0809,34.5515,-119.20811,Ventura,403,Santa Clara,Open,TRUE
26,403WE0891,2526,403WE0891_06142001_BMI_CSBP_Trans_1.0,6/14/2001,6,14,2001,BMI_CSBP_Trans,1,NA,885,20,20,0.33898305,5.88235294,8.54250475,8.85,1.03599591,0.58,1.03300517,0.57,1.03450054,0.59,7/30/2021 23:00,Distinct set to NA,Yes,2,machine,CEDEN,7/30/2021 23:00,TRUE,403WE0891,34.65926,-119.14255,Ventura,403,Santa Clara,Open,TRUE
27,403WE0905,2529,403WE0905_06072018_BMI_RWB_1.0,6/7/2018,6,7,2018,BMI_RWB,1,NA,274,1,1,3.28467153,7.01754386,7.04829097,5,0.70939183,0.06,0.5064333,0,0.60791256,0.01,7/30/2021 23:00,Distinct set to NA,Yes,2,machine,CEDEN,7/30/2021 23:00,TRUE,403WE0905,34.55734,-119.24876,Ventura,403,Santa Clara,Open,TRUE
28,404CE0316,2577,404CE0316_07242007_BMI_RWB_1.0,7/24/2007,7,24,2007,BMI_RWB,1,NA,618,20,20,0.1618123,8.33333333,6.98435114,3,0.42953167,0,0.32934575,0,0.37943871,0,7/30/2021 23:00,Distinct set to NA,Yes,2,machine,CEDEN,7/30/2021 23:00,TRUE,404CE0316,33.99722,-118.4025,Los Angeles,404,Santa Monica Bay,Urban,TRUE
29,405WE0777,2784,405WE0777_06202001_BMI_CSBP_Trans_1.0,6/20/2001,6,20,2001,BMI_CSBP_Trans,1,NA,893,20,20,1.45576708,7.01754386,8.58354253,10.5,1.22327116,0.88,1.13960863,0.78,1.1814399,0.87,7/30/2021 23:00,Distinct set to NA,Yes,2,machine,CEDEN,7/30/2021 23:00,TRUE,405WE0777,34.25461,-118.08523,Los Angeles,405,San Gabriel,Open,TRUE
30,407CE0092,2794,407CE0092_04272004_BMI_RWB_1.0,4/27/2004,4,27,2004,BMI_RWB,1,NA,525,20,20,0,0,9.48965866,3.95,0.41624258,0,0.25231408,0,0.33427833,0,7/30/2021 23:00,Distinct set to NA,Yes,2,machine,CEDEN,7/30/2021 23:00,TRUE,407CE0092,34.27931,-119.22089,Ventura,407,Santa Clara,Urban,TRUE
31,407CE0668,2798,407CE0668_05222007_BMI_RWB_1.0,5/22/2007,5,22,2007,BMI_RWB,1,NA,586,20,20,0.34129693,6.25,9.49020822,4,0.42148706,0,0.27129589,0,0.34639148,0,7/30/2021 23:00,Distinct set to NA,Yes,2,machine,CEDEN,7/30/2021 23:00,TRUE,407CE0668,34.28231,-119.21909,Ventura,407,Santa Clara,Urban,TRUE
32,408CAL012,2827,408CAL012_10302001_BMI_CSBP_Trans_1.0,10/30/2001,10,30,2001,BMI_CSBP_Trans,1,NA,909,20,20,0.66006601,13.04347826,7.78658556,5.65,0.72560687,0.07,0.56052818,0.01,0.64306753,0.01,7/30/2021 23:00,Distinct set to NA,Yes,2,machine,CEDEN,7/30/2021 23:00,TRUE,408CAL012,34.27242,-118.78131,Ventura,408,Calleguas,Urban,FALSE
33,408WE0547,2858,408WE0547_07122000_BMI_CSBP_Trans_1.0,7/12/2000,7,12,2000,BMI_CSBP_Trans,1,NA,529,20,20,0,0,6.90709202,3.95,0.57187598,0.01,0.51179083,0,0.5418334,0,7/30/2021 23:00,Distinct set to NA,Yes,2,machine,CEDEN,7/30/2021 23:00,TRUE,408WE0547,34.19094,-119.0859,Ventura,408,Calleguas,Agricultural,TRUE
34,408WE0654,2861,408WE0654_06132001_BMI_CSBP_Trans_1.0,6/13/2001,6,13,2001,BMI_CSBP_Trans,1,NA,920,20,20,1.08695652,6.25,7.51148843,4.35,0.57911292,0.01,0.51681686,0,0.54796489,0,7/30/2021 23:00,Distinct set to NA,Yes,2,machine,CEDEN,7/30/2021 23:00,TRUE,408CGCS13,34.16522,-119.09069,Ventura,408,Calleguas,Agricultural,TRUE
35,408WE1039,2864,408WE1039_05072002_BMI_RWB_1.0,5/7/2002,5,7,2002,BMI_RWB,1,NA,290,1,1,0,0,7.5151523,2,0.266129,0,0.24113287,0,0.25363094,0,7/30/2021 23:00,Distinct set to NA,Yes,2,machine,CEDEN,7/30/2021 23:00,TRUE,408WE1039,34.14743,-119.087,Ventura,408,Calleguas,Agricultural,TRUE
36,410CE0284,2865,410CE0284_05042006_BMI_RWB_1.0,5/4/2006,5,4,2006,BMI_RWB,1,NA,506,20,20,0,0,6.84506666,4,0.58436246,0.01,0.29342549,0,0.43889397,0,7/30/2021 23:00,Distinct set to NA,Yes,2,machine,CEDEN,7/30/2021 23:00,TRUE,410CE0284,34.14944,-119.19111,Ventura,410,Santa Clara,Urban,TRUE
37,412CE0104,2878,412CE0104_07192005_BMI_RWB_1.0,7/19/2005,7,19,2005,BMI_RWB,1,NA,500,1,20,1,8.69565217,7.76068921,5.85,0.75379903,0.1,0.47239027,0,0.61309465,0.01,7/30/2021 23:00,Distinct set to NA,Yes,2,machine,CEDEN,7/30/2021 23:00,TRUE,412CE0104,34.06911,-118.22324,Los Angeles,412,Los Angeles,Urban,TRUE
38,412CE0616,2887,412CE0616_07162015_BMI_RWB_MCM_1,7/16/2015,7,16,2015,BMI_RWB_MCM,1,NA,591,20,20,0,0,7.68292262,5.85,0.76142899,0.1,0.55592946,0.01,0.65867922,0.02,7/30/2021 23:00,Distinct set to NA,Yes,2,machine,SMC,7/30/2021 23:00,TRUE,412CE0616,34.15397,-118.42994,Los Angeles,412,Los Angeles,Urban,TRUE
39,412CE0732,2891,412CE0732_09022015_BMI_RWB_MCM_1,9/2/2015,9,2,2015,BMI_RWB_MCM,1,NA,631,20,20,0.15847861,3.44827586,7.65756861,5.6,0.73130262,0.08,0.44803296,0,0.58966779,0.01,7/30/2021 23:00,Distinct set to NA,Yes,2,machine,SMC,7/30/2021 23:00,TRUE,412CE0732,34.15513,-118.31261,Los Angeles,412,Los Angeles,Urban,TRUE
40,412WE0563,2957,412WE0563_06212001_BMI_CSBP_Trans_1.0,6/21/2001,6,21,2001,BMI_CSBP_Trans,1,NA,850,20,20,0.11764706,1.35135135,7.10776663,8.9,1.25215141,0.91,1.05945887,0.63,1.15580514,0.83,7/30/2021 23:00,Distinct set to NA,Yes,2,machine,CEDEN,7/30/2021 23:00,TRUE,412WE0563,34.34716,-118.04869,Los Angeles,412,Los Angeles,Open,TRUE
41,801CE0152,6294,801CE0152_07202005_BMI_RWB_1.0,7/20/2005,7,20,2005,BMI_RWB,1,NA,481,1,20,0.625,7.69230769,5.83535442,6.95,1.19101592,0.84,0.90088726,0.29,1.04595159,0.61,7/30/2021 23:00,Distinct set to NA,Yes,2,machine,CEDEN,7/30/2021 23:00,TRUE,801CE0152,34.18783,-117.1803,San Bernardino,801,Upper Santa Ana,Open,TRUE
42,801RB8501,6517,801RB8501_06182013_BMI_RWB_1.0,6/18/2013,6,18,2013,BMI_RWB,1,NA,600,20,20,0.16666667,2.77777778,7.56558226,8.75,1.15655341,0.79,0.73243156,0.07,0.94449249,0.36,7/30/2021 23:00,Distinct set to NA,Yes,2,machine,CEDEN,7/30/2021 23:00,TRUE,801RB8501,34.09189,-116.94243,San Bernardino,801,Upper Santa Ana,Open,TRUE
43,801WE0550,6685,801WE0550_06272000_BMI_CSBP_Trans_1.0,6/27/2000,6,27,2000,BMI_CSBP_Trans,1,NA,540,20,20,0.37037037,3.22580645,7.53741236,8.9,1.18077658,0.83,1.17389704,0.83,1.17733681,0.87,7/30/2021 23:00,Distinct set to NA,Yes,2,machine,CEDEN,7/30/2021 23:00,TRUE,801WE0550,34.16471,-116.97444,San Bernardino,801,Upper Santa Ana,Open,TRUE
44,801WE0669,6688,801WE0669_06262001_BMI_CSBP_Trans_1.0,6/26/2001,6,26,2001,BMI_CSBP_Trans,1,NA,895,20,20,9.94413408,7.24637681,9.99110244,12.05,1.20607311,0.86,1.26437108,0.93,1.23522209,0.93,7/30/2021 23:00,Distinct set to NA,Yes,2,machine,CEDEN,7/30/2021 23:00,TRUE,801WE0669,34.23169,-116.99915,San Bernardino,801,Upper Santa Ana,Open,TRUE
45,801WE0989,6702,801WE0989_06182002_BMI_RWB_1.0,6/18/2002,6,18,2002,BMI_RWB,1,NA,467,1,20,0.42826552,4.44444444,8.9111177,7.55,0.84725623,0.21,0.62846723,0.02,0.73786173,0.05,7/30/2021 23:00,Distinct set to NA,Yes,2,machine,CEDEN,7/30/2021 23:00,TRUE,801WE0989,33.91889,-117.60776,Riverside,801,Middle Santa Ana,Agricultural,TRUE
46,801WE1013,6713,801WE1013_05152002_BMI_RWB_1.0,5/15/2002,5,15,2002,BMI_RWB,1,NA,477,1,20,0.20964361,3.33333333,6.75228968,7.65,1.13294902,0.76,0.9501494,0.39,1.04154921,0.6,7/30/2021 23:00,Distinct set to NA,Yes,2,machine,CEDEN,7/30/2021 23:00,TRUE,801WE1013,34.10098,-117.01071,San Bernardino,801,Upper Santa Ana,Open,TRUE
47,801WE1020,6716,801WE1020_06142005_BMI_CSBP_Comp_1.0,6/14/2005,6,14,2005,BMI_CSBP_Comp,1,NA,495,1,1,28.88888889,15.78947368,11.20349173,7,0.62480521,0.02,1.03102943,0.57,0.82791732,0.14,7/30/2021 23:00,Distinct set to NA,Yes,2,machine,CEDEN,7/30/2021 23:00,TRUE,801WE1020,34.25257,-117.53174,San Bernardino,801,Middle Santa Ana,Open,TRUE
48,801WE1032,6719,801WE1032_06042002_BMI_RWB_1.0,6/4/2002,6,4,2002,BMI_RWB,1,NA,145,1,1,0,0,7.62205946,5,0.65599068,0.04,0.62548919,0.02,0.64073994,0.01,7/30/2021 23:00,Distinct set to NA,Yes,2,machine,CEDEN,7/30/2021 23:00,TRUE,801WE1032,33.96165,-117.50039,Riverside,801,Middle Santa Ana,Agricultural,TRUE
49,801WE1043,6720,801WE1043_05012007_BMI_TRC_1.0,5/1/2007,5,1,2007,BMI_TRC,1,NA,604,20,20,13.24503311,12,6.69202218,5.9,0.88164681,0.27,1.15220422,0.8,1.01692551,0.54,7/30/2021 23:00,Distinct set to NA,Yes,2,machine,CEDEN,7/30/2021 23:00,TRUE,801WE1043,34.17289,-117.18064,San Bernardino,801,Upper Santa Ana,Open,TRUE
50,801WE1127,6725,801WE1127_06132002_BMI_RWB_1.0,6/13/2002,6,13,2002,BMI_RWB,1,NA,479,1,20,0.20876827,2,7.67512778,8.6,1.12050252,0.74,1.24086963,0.91,1.18068608,0.87,7/30/2021 23:00,Distinct set to NA,Yes,2,machine,CEDEN,7/30/2021 23:00,TRUE,801WE1127,34.18401,-117.25876,San Bernardino,801,Upper Santa Ana,Open,TRUE
51,802WE0539,6812,802WE0539_07192000_BMI_RWB_1.0,7/19/2000,7,19,2000,BMI_RWB,1,NA,463,1,20,3.67170626,2,7.67106351,6.9,0.89948414,0.3,0.89855991,0.29,0.89902203,0.26,7/30/2021 23:00,Distinct set to NA,Yes,2,machine,CEDEN,7/30/2021 23:00,TRUE,802WE0539,33.77174,-116.7696,Riverside,802,San Jacinto,Open,TRUE
52,802WE0794,6817,802WE0794_05102001_BMI_RWB_1.0,5/10/2001,5,10,2001,BMI_RWB,1,NA,494,1,20,0.4048583,3.50877193,6.4035899,6,0.93697443,0.37,0.82507825,0.16,0.88102634,0.23,7/30/2021 23:00,Distinct set to NA,Yes,2,machine,CEDEN,7/30/2021 23:00,TRUE,802WE0794,33.72962,-116.6735,Riverside,802,San Jacinto,Open,TRUE
53,901ATCDOS,6855,901ATCDOS_04292014_BMI_RWB_1.0,4/29/2014,4,29,2014,BMI_RWB,1,NA,585,20,20,5.47008547,4.34782609,8.1769478,7,0.85606514,0.22,0.42102116,0,0.63854315,0.01,7/30/2021 23:00,Distinct set to NA,Yes,2,machine,CEDEN,7/30/2021 23:00,TRUE,901ATCDOS,33.49825,-117.66601,Orange,901,San Juan,Urban,FALSE
54,901SJC74x,6923,901SJC74x_04222009_BMI_RWB_1.0,4/22/2009,4,22,2009,BMI_RWB,1,NA,598,20,20,7.85953177,21.42857143,7.62380769,3.5,0.45908818,0,0.3986871,0,0.42888764,0,7/30/2021 23:00,Distinct set to NA,Yes,2,machine,CEDEN,7/30/2021 23:00,TRUE,901SJC74x,33.51917,-117.62372,Orange,901,San Juan,Urban,FALSE
55,905CE0512,7444,905CE0512_04202004_BMI_RWB_1.0,4/20/2004,4,20,2004,BMI_RWB,1,NA,454,1,20,3.96475771,5.88235294,6.44841972,7.9,1.22510636,0.88,0.94344596,0.38,1.08427616,0.7,7/30/2021 23:00,Distinct set to NA,Yes,2,machine,CEDEN,7/30/2021 23:00,TRUE,905CE0512,33.11137,-116.74386,San Diego,905,Central San Diego,Open,TRUE
56,907SDSDR9,7717,907SDSDR9_05292010_BMI_RWB_1.0,5/29/2010,5,29,2010,BMI_RWB,1,NA,282,1,1,0.35460993,5.26315789,7.04966167,5,0.7092539,0.06,0.56165641,0.01,0.63545515,0.01,7/30/2021 23:00,Distinct set to NA,Yes,2,machine,CEDEN,7/30/2021 23:00,TRUE,907SDSDR9,32.83894,-117.04535,San Diego,907,Mission Bay and San Diego River,Open,FALSE
57,909SSWR03,7783,909SSWR03_04202009_BMI_RWB_1.0,4/20/2009,4,20,2009,BMI_RWB,1,NA,596,20,1,41.94630872,17.85714286,6.42990199,5,0.77761683,0.12,1.01311883,0.53,0.89536783,0.26,7/30/2021 23:00,Distinct set to NA,Yes,2,machine,CEDEN,7/30/2021 23:00,TRUE,909SSWR03,32.83521,-116.62203,San Diego,909,Southern San Diego,Open,FALSE
58,909WE0780,7827,909WE0780_05152001_BMI_RWB_1.0,5/15/2001,5,15,2001,BMI_RWB,1,NA,506,20,20,1.77865613,7.5,6.51306728,7.65,1.1745618,0.82,0.84851741,0.2,1.0115396,0.53,7/30/2021 23:00,Distinct set to NA,Yes,2,machine,CEDEN,7/30/2021 23:00,TRUE,909WE0780,32.92981,-116.55901,San Diego,909,Southern San Diego,Open,TRUE
59,909WE1014,7829,909WE1014_04232002_BMI_RWB_1.0,4/23/2002,4,23,2002,BMI_RWB,1,NA,515,20,20,0,0,6.4874364,6,0.92486456,0.35,0.60590813,0.01,0.76538635,0.07,7/30/2021 23:00,Distinct set to NA,Yes,2,machine,CEDEN,7/30/2021 23:00,TRUE,909WE1014,32.83213,-116.7265,San Diego,909,Southern San Diego,Urban,TRUE
60,LALT501,8094,LALT501_06262019_BMI_RWB_1,6/26/2019,6,26,2019,BMI_RWB,1,NA,680,20,20,0.44117647,14.28571429,8.85183791,6.85,0.77385059,0.12,0.53656385,0,0.65520722,0.02,7/30/2021 23:00,Distinct set to NA,Yes,2,machine,SMC,7/30/2021 23:00,FALSE,LALT501,34.08009,-118.22419,Los Angeles,412,Los Angeles,Urban,FALSE
61,ME-CC,8132,ME-CC_06252020_BMI_RWB_MCM_1,6/25/2020,6,25,2020,BMI_RWB_MCM,1,NA,563,20,20,2.84191829,9.09090909,7.59356286,4.95,0.65186792,0.03,0.50323267,0,0.57755029,0,7/30/2021 23:00,Distinct set to NA,Yes,2,machine,SMC,7/30/2021 23:00,FALSE,ME-CC,34.17912,-119.03968,Ventura,408,Calleguas,Agricultural,TRUE
62,ME-VR2,8147,ME-VR2_07012020_BMI_RWB_MCM_1,7/1/2020,7,1,2020,BMI_RWB_MCM,1,NA,616,20,20,8.92857143,8.62068966,7.85882832,8.6,1.09431071,0.69,0.76683701,0.1,0.93057386,0.33,7/30/2021 23:00,Distinct set to NA,Yes,2,machine,SMC,7/30/2021 23:00,FALSE,ME-VR2,34.34584,-119.29948,Ventura,402,Ventura,Urban,FALSE
63,SGUR010,8183,SGUR010_06272011_BMI_RWB_1,6/27/2011,6,27,2011,BMI_RWB,1,NA,589,20,20,0.16977929,3.33333333,6.99755896,7.95,1.13611047,0.76,0.70912509,0.05,0.92261778,0.31,7/30/2021 23:00,Distinct set to NA,Yes,2,machine,SMC,7/30/2021 23:00,TRUE,405SGB010,34.19498,-117.86114,Los Angeles,405,San Gabriel,Open,FALSE
64,SGUT501,8191,SGUT501_07052016_BMI_RWB_1,7/5/2016,7,5,2016,BMI_RWB,1,NA,667,20,20,2.09895052,9.09090909,11.33804613,14.8,1.30533955,0.95,1.06020115,0.63,1.18277035,0.87,7/30/2021 23:00,Distinct set to NA,Yes,2,machine,SMC,7/30/2021 23:00,TRUE,SGUT501,34.2408,-117.8833,Los Angeles,405,San Gabriel,Open,FALSE
65,SGUT502,8194,SGUT502_06092016_BMI_RWB_1,6/9/2016,6,9,2016,BMI_RWB,1,NA,599,20,20,0,0,8.73506836,3.5,0.40068376,0,0.62063557,0.02,0.51065966,0,7/30/2021 23:00,Distinct set to NA,Yes,2,machine,SMC,7/30/2021 23:00,TRUE,SGUT502,34.2283,-117.76593,Los Angeles,405,San Gabriel,Open,FALSE
66,SGUT504,8211,SGUT504_07072016_BMI_RWB_1,7/7/2016,7,7,2016,BMI_RWB,1,NA,670,20,20,1.19402985,11.76470588,8.84805183,9.45,1.06803172,0.64,0.70013163,0.05,0.88408168,0.23,7/30/2021 23:00,Distinct set to NA,Yes,2,machine,SMC,7/30/2021 23:00,TRUE,SGUT504,34.2377,-117.8203,Los Angeles,405,San Gabriel,Open,FALSE
67,SGUT505,8214,SGUT505_06262014_BMI_RWB_1,6/26/2014,6,26,2014,BMI_RWB,1,NA,601,20,20,1.49750416,3.03030303,7.65485807,7,0.91445196,0.33,0.64062416,0.02,0.77753806,0.08,7/30/2021 23:00,Distinct set to NA,Yes,2,machine,SMC,7/30/2021 23:00,TRUE,SGUT505,34.16939,-117.88932,Los Angeles,405,San Gabriel,Open,FALSE
68,SMC00080,8228,SMC00080_06062012_BMI_RWB_MCM_1,6/6/2012,6,6,2012,BMI_RWB_MCM,1,NA,588,20,20,0.17006803,2.7027027,6.90431507,6,0.86902175,0.25,0.76200332,0.09,0.81551254,0.12,7/30/2021 23:00,Distinct set to NA,Yes,2,machine,SMC,7/30/2021 23:00,TRUE,SMC00080,34.32909,-118.08188,Los Angeles,412,Los Angeles,Open,TRUE
69,SMC01172,8409,SMC01172_06242009_BMI_RWB_1,6/24/2009,6,24,2009,BMI_RWB,1,NA,592,20,20,3.20945946,4.87804878,7.63952899,6.7,0.87701742,0.26,0.7607276,0.09,0.81887251,0.13,7/30/2021 23:00,Distinct set to NA,Yes,2,machine,SMC,7/30/2021 23:00,TRUE,SMC01172,34.0816,-118.85826,Los Angeles,404,Santa Monica Bay,Open,TRUE
70,SMC01372,8428,SMC01372_07132010_BMI_RWB_1,7/13/2010,7,13,2010,BMI_RWB,1,NA,662,20,20,2.56797583,13.79310345,7.74987509,5.85,0.75485088,0.1,0.6447052,0.02,0.69977804,0.03,7/30/2021 23:00,Distinct set to NA,Yes,2,machine,SMC,7/30/2021 23:00,TRUE,SMC01372,34.43437,-118.61386,Los Angeles,403,Santa Clara,Agricultural,TRUE
71,SMC01550,8446,SMC01550_06252009_BMI_RWB_1,6/25/2009,6,25,2009,BMI_RWB,1,NA,585,20,20,1.36752137,6.97674419,7.71616432,5,0.64799035,0.03,0.63745602,0.02,0.64272318,0.01,7/30/2021 23:00,Distinct set to NA,Yes,2,machine,SMC,7/30/2021 23:00,TRUE,SMC01550,34.05626,-118.84901,Los Angeles,404,Santa Monica Bay,Open,TRUE
72,SMC02152,8505,SMC02152_07142010_BMI_RWB_1,7/14/2010,7,14,2010,BMI_RWB,1,NA,1335,20,20,0.4494382,10,7.75114168,4.85,0.62571428,0.02,0.54092751,0.01,0.58332089,0,7/30/2021 23:00,Distinct set to NA,Yes,2,machine,SMC,7/30/2021 23:00,TRUE,SMC02152,34.09801,-118.7217,Los Angeles,404,Santa Monica Bay,Open,TRUE
73,SMC03944,8578,SMC03944_07122010_BMI_RWB_1,7/12/2010,7,12,2010,BMI_RWB,1,NA,753,20,20,0,0,8.87806464,3.9,0.43928493,0,0.40498041,0,0.42213267,0,7/30/2021 23:00,Distinct set to NA,Yes,2,machine,SMC,7/30/2021 23:00,TRUE,SMC03944,34.14271,-118.75016,Los Angeles,404,Santa Monica Bay,Urban,TRUE
74,SMC04264,8598,SMC04264_07092010_BMI_RWB_1,7/9/2010,7,9,2010,BMI_RWB,1,NA,666,20,20,0.45045045,11.76470588,8.89440306,5,0.56215127,0.01,0.53361919,0,0.54788523,0,7/30/2021 23:00,Distinct set to NA,Yes,2,machine,SMC,7/30/2021 23:00,TRUE,SMC04264,34.13,-118.7548,Los Angeles,404,Santa Monica Bay,Urban,TRUE
75,SMC04748,8615,SMC04748_07022009_BMI_RWB_1,7/2/2009,7,2,2009,BMI_RWB,1,NA,607,20,20,1.31795717,4,7.76706893,5.45,0.7016804,0.06,0.60742456,0.01,0.65455248,0.02,7/30/2021 23:00,Distinct set to NA,Yes,2,machine,SMC,7/30/2021 23:00,TRUE,SMC04748,34.41314,-118.65879,Los Angeles,403,Santa Clara,Agricultural,TRUE
76,SMC04750,8617,SMC04750_07052011_BMI_RWB_1,7/5/2011,7,5,2011,BMI_RWB,1,NA,556,20,20,0.53956835,2.63157895,7.54441819,9,1.19293493,0.84,0.83128907,0.17,1.012112,0.53,7/30/2021 23:00,Distinct set to NA,Yes,2,machine,SMC,7/30/2021 23:00,TRUE,SMC04750,34.041,-118.58149,Los Angeles,404,Santa Monica Bay,Open,TRUE
77,SMC05902,8652,SMC05902_06282011_BMI_RWB_1,6/28/2011,6,28,2011,BMI_RWB,1,NA,543,20,20,0.36832413,6.66666667,7.56455784,5,0.66097717,0.04,0.43031389,0,0.54564553,0,7/30/2021 23:00,Distinct set to NA,Yes,2,machine,SMC,7/30/2021 23:00,TRUE,SMC05902,34.03432,-118.51218,Los Angeles,404,Santa Monica Bay,Urban,TRUE
78,SMC06926,8682,SMC06926_07012009_BMI_RWB_1,7/1/2009,7,1,2009,BMI_RWB,1,NA,599,20,20,0.83472454,5.40540541,7.50359269,6.9,0.91955951,0.34,0.58865071,0.01,0.75410511,0.06,7/30/2021 23:00,Distinct set to NA,Yes,2,machine,SMC,7/30/2021 23:00,TRUE,SMC06926,34.04799,-118.51137,Los Angeles,404,Santa Monica Bay,Open,TRUE
79,SMC08540,8697,SMC08540_06232011_BMI_RWB_1,6/23/2011,6,23,2011,BMI_RWB,1,NA,534,20,20,0.37453184,6.89655172,7.75742616,7,0.90236115,0.3,0.47856692,0,0.69046404,0.03,7/30/2021 23:00,Distinct set to NA,Yes,2,machine,SMC,7/30/2021 23:00,TRUE,SMC08540,34.44828,-118.61769,Los Angeles,403,Santa Clara,Urban,TRUE
80,SMC09564,8714,SMC09564_06012010_BMI_RWB_1,6/1/2010,6,1,2010,BMI_RWB,1,NA,584,20,20,0,0,7.73547749,5.8,0.74979211,0.09,0.46834675,0,0.60906943,0.01,7/30/2021 23:00,Distinct set to NA,Yes,2,machine,SMC,7/30/2021 23:00,TRUE,SMC09564,34.4322,-118.59397,Los Angeles,403,Santa Clara,Urban,TRUE
81,SMC11384,8726,SMC11384_06282011_BMI_RWB_1,6/28/2011,6,28,2011,BMI_RWB,1,NA,497,1,20,1.81086519,7.01754386,7.69449252,9.8,1.27363825,0.92,1.09045967,0.69,1.18204896,0.87,7/30/2021 23:00,Distinct set to NA,Yes,2,machine,SMC,7/30/2021 23:00,TRUE,SMC11384,34.09552,-118.66521,Los Angeles,404,Santa Monica Bay,Open,TRUE
82,SMC12814,8739,SMC12814_07222011_BMI_RWB_1,7/22/2011,7,22,2011,BMI_RWB,1,NA,628,20,20,5.41401274,2.77777778,8.26163801,7.25,0.87754995,0.26,0.84389602,0.19,0.86072298,0.19,7/30/2021 23:00,Distinct set to NA,Yes,2,machine,SMC,7/30/2021 23:00,TRUE,SMC12814,34.04892,-118.84641,Los Angeles,404,Santa Monica Bay,Open,TRUE
83,SMC15678,8753,SMC15678_06252013_BMI_RWB_1,6/25/2013,6,25,2013,BMI_RWB,1,NA,601,20,20,0,0,7.73896435,1.85,0.23905007,0,0.20209002,0,0.22057005,0,7/30/2021 23:00,Distinct set to NA,Yes,2,machine,SMC,7/30/2021 23:00,TRUE,SMC15678,33.80989,-118.09075,Los Angeles,405,San Gabriel,Urban,TRUE
84,SMC17056,8762,SMC17056_07022009_BMI_RWB_1,7/2/2009,7,2,2009,BMI_RWB,1,NA,600,20,20,1.66666667,8.10810811,7.73175603,6.4,0.82775504,0.18,0.5875206,0.01,0.70763782,0.03,7/30/2021 23:00,Distinct set to NA,Yes,2,machine,SMC,7/30/2021 23:00,TRUE,SMC17056,34.4263,-118.5779,Los Angeles,403,Santa Clara,Urban,TRUE
85,SMC17692,8764,SMC17692_06122013_BMI_RWB_1,6/12/2013,6,12,2013,BMI_RWB,1,NA,596,20,20,0.16778523,3.22580645,7.75544464,7.65,0.98640379,0.47,0.61567277,0.02,0.80103828,0.11,7/30/2021 23:00,Distinct set to NA,Yes,2,machine,SMC,7/30/2021 23:00,TRUE,SMC17692,34.41887,-118.63264,Los Angeles,403,Santa Clara,Agricultural,TRUE
86,SMC20092,8780,SMC20092_06132013_BMI_RWB_1,6/13/2013,6,13,2013,BMI_RWB,1,NA,636,20,20,1.72955975,6.06060606,7.76706893,7.85,1.01067727,0.52,0.69206359,0.04,0.85137043,0.18,7/30/2021 23:00,Distinct set to NA,Yes,2,machine,SMC,7/30/2021 23:00,TRUE,SMC20092,34.4141,-118.65608,Los Angeles,403,Santa Clara,Agricultural,TRUE
87,SMC20994,8782,SMC20994_06172013_BMI_RWB_1,6/17/2013,6,17,2013,BMI_RWB,1,NA,607,20,20,0.32948929,4,7.56187067,6,0.79345446,0.14,0.43214847,0,0.61280146,0.01,7/30/2021 23:00,Distinct set to NA,Yes,2,machine,SMC,7/30/2021 23:00,TRUE,SMC20994,34.03639,-118.51129,Los Angeles,404,Santa Monica Bay,Urban,TRUE
88,SMC21382,8784,SMC21382_06132013_BMI_RWB_1,6/13/2013,6,13,2013,BMI_RWB,1,NA,619,20,20,0.48465267,2.77777778,7.77150002,8,1.0294023,0.56,0.71286738,0.05,0.87113484,0.21,7/30/2021 23:00,Distinct set to NA,Yes,2,machine,SMC,7/30/2021 23:00,TRUE,SMC21382,34.40663,-118.6694,Los Angeles,403,Santa Clara,Agricultural,TRUE
89,SMC21796,8785,SMC21796_06142013_BMI_RWB_1,6/14/2013,6,14,2013,BMI_RWB,1,NA,613,20,20,1.79445351,16.66666667,6.99111892,4.25,0.60791413,0.02,0.44982254,0,0.52886834,0,7/30/2021 23:00,Distinct set to NA,Yes,2,machine,SMC,7/30/2021 23:00,TRUE,SMC21796,33.99108,-118.40916,Los Angeles,404,Santa Monica Bay,Urban,TRUE
90,SMCR8_007,8805,SMCR8_007_06222006_BMI_RWB_1,6/22/2006,6,22,2006,BMI_RWB,1,NA,504,20,20,15.87301587,35.71428571,6.92788986,2.95,0.42581508,0,0.741828,0.07,0.58382154,0,7/30/2021 23:00,Distinct set to NA,Yes,2,machine,SMC,7/30/2021 23:00,TRUE,801MIC007,34.0952,-116.96447,San Bernardino,801,Upper Santa Ana,Open,TRUE
91,SMCR8_011,8806,SMCR8_011_06152006_BMI_RWB_1,6/15/2006,6,15,2006,BMI_RWB,1,NA,607,20,1,64.7446458,33.33333333,7.81178321,5,0.64005872,0.03,0.67082007,0.03,0.6554394,0.02,7/30/2021 23:00,Distinct set to NA,Yes,2,machine,SMC,7/30/2021 23:00,TRUE,801SAR011,33.850751,-117.7835252,Orange,801,Lower Santa Ana,Urban,TRUE
92,SMCR8_012,8807,SMCR8_012_05312006_BMI_RWB_1,5/31/2006,5,31,2006,BMI_RWB,1,NA,491,1,20,15.27494908,23.52941176,11.1283226,4,0.35944321,0,0.83424838,0.18,0.5968458,0.01,7/30/2021 23:00,Distinct set to NA,Yes,2,machine,SMC,7/30/2021 23:00,TRUE,801CBN012,33.91909,-117.82201,Orange,801,Lower Santa Ana,Open,TRUE
93,SMCR8_019,8808,SMCR8_019_06152006_BMI_RWB_1,6/15/2006,6,15,2006,BMI_RWB,1,NA,572,20,1,33.04195804,36.36363636,8.91243634,6,0.67321659,0.04,0.61857205,0.02,0.64589432,0.01,7/30/2021 23:00,Distinct set to NA,Yes,2,machine,SMC,7/30/2021 23:00,TRUE,801PFB019,33.92417,-117.59778,Riverside,801,Middle Santa Ana,Urban,TRUE
94,SMCR8_020,8809,SMCR8_020_06162006_BMI_RWB_1,6/16/2006,6,16,2006,BMI_RWB,1,NA,656,20,1,62.04268293,25.71428571,8.28465813,6,0.72423025,0.07,0.9729068,0.44,0.84856852,0.17,7/30/2021 23:00,Distinct set to NA,Yes,2,machine,SMC,7/30/2021 23:00,TRUE,802SWC020,33.76698,-116.6902,Riverside,802,San Jacinto,Open,TRUE
95,SMCR8_025,8811,SMCR8_025_06162007_BMI_RWB_1,6/16/2007,6,16,2007,BMI_RWB,1,NA,520,20,1,54.80769231,21.05263158,6.39151237,5,0.78228746,0.13,1.09336579,0.7,0.93782662,0.35,7/30/2021 23:00,Distinct set to NA,Yes,2,machine,SMC,7/30/2021 23:00,TRUE,801DRC025,34.1739,-116.9839,San Bernardino,801,Upper Santa Ana,Open,TRUE
96,SMCR8_028,8813,SMCR8_028_06042006_BMI_RWB_1,6/4/2006,6,4,2006,BMI_RWB,1,NA,510,20,20,16.47058824,33.33333333,6.72583352,3,0.44604137,0,0.59012171,0.01,0.51808154,0,7/30/2021 23:00,Distinct set to NA,Yes,2,machine,SMC,7/30/2021 23:00,TRUE,801LYC028,34.2026,-117.44583,San Bernardino,801,Middle Santa Ana,Open,TRUE
97,SMCR8_034,8815,SMCR8_034_06222006_BMI_RWB_1,6/22/2006,6,22,2006,BMI_RWB,1,NA,466,1,1,24.46351931,25,7.62955142,3,0.39320791,0,0.90972375,0.31,0.65146583,0.01,7/30/2021 23:00,Distinct set to NA,Yes,2,machine,SMC,7/30/2021 23:00,TRUE,801MIC034,34.08909,-116.92669,San Bernardino,801,Upper Santa Ana,Open,TRUE
98,SMCR8_035,8816,SMCR8_035_06222006_BMI_RWB_1,6/22/2006,6,22,2006,BMI_RWB,1,NA,496,1,20,4.03225806,17.39130435,6.5658839,4.65,0.70820625,0.06,0.97491209,0.44,0.84155917,0.16,7/30/2021 23:00,Distinct set to NA,Yes,2,machine,SMC,7/30/2021 23:00,TRUE,801MIC035,34.08193,-116.89027,San Bernardino,801,Upper Santa Ana,Open,TRUE
99,SMCR8_042,8818,SMCR8_042_05312006_BMI_RWB_1,5/31/2006,5,31,2006,BMI_RWB,1,NA,834,20,1,82.9736211,44.44444444,8.90932614,2,0.22448387,0,0.36786087,0,0.29617237,0,7/30/2021 23:00,Distinct set to NA,Yes,2,machine,SMC,7/30/2021 23:00,TRUE,801MIC042,33.94623,-117.61423,San Bernardino,801,Middle Santa Ana,Agricultural,TRUE
100,SMCR8_046,8819,SMCR8_046_06052008_BMI_RWB_1,6/5/2008,6,5,2008,BMI_RWB,1,NA,194,1,1,1.03092784,7.14285714,11.93757221,8,0.67015301,0.04,0.57858071,0.01,0.62436686,0.01,7/30/2021 23:00,Distinct set to NA,Yes,2,machine,SMC,7/30/2021 23:00,TRUE,801XXX046,33.79096,-117.71949,Orange,801,Lower Santa Ana,Agricultural,TRUE
101,SMCR8_048,8820,SMCR8_048_05112008_BMI_RWB_1,5/11/2008,5,11,2008,BMI_RWB,1,NA,534,20,20,0.37453184,22.22222222,8.29972928,3,0.36145757,0,0.33341102,0,0.3474343,0,7/30/2021 23:00,Distinct set to NA,Yes,2,machine,SMC,7/30/2021 23:00,TRUE,801PCW048,33.71756,-117.78945,Orange,801,Lower Santa Ana,Urban,TRUE
102,SMCR8_057,8824,SMCR8_057_05182008_BMI_RWB_1,5/18/2008,5,18,2008,BMI_RWB,1,NA,561,20,20,2.49554367,13.95348837,12.68129746,15.45,1.2183296,0.87,0.87417675,0.24,1.04625317,0.61,7/30/2021 23:00,Distinct set to NA,Yes,2,machine,SMC,7/30/2021 23:00,TRUE,801MLC057,34.25033,-117.54376,San Bernardino,801,Middle Santa Ana,Open,TRUE
103,SMCR8_062,8825,SMCR8_062_06232006_BMI_RWB_1,6/23/2006,6,23,2006,BMI_RWB,1,NA,506,20,20,11.26482213,32.14285714,6.71699795,4.85,0.72204875,0.07,0.86766092,0.23,0.79485484,0.1,7/30/2021 23:00,Distinct set to NA,Yes,2,machine,SMC,7/30/2021 23:00,TRUE,801LYC062,34.21257,-117.45844,San Bernardino,801,Middle Santa Ana,Open,TRUE
104,SMCR8_069,8827,SMCR8_069_06012007_BMI_RWB_1,6/1/2007,6,1,2007,BMI_RWB,1,NA,558,20,1,39.4265233,29.03225806,4.347057,5,1.15020346,0.79,1.09385998,0.7,1.12203172,0.78,7/30/2021 23:00,Distinct set to NA,Yes,2,machine,SMC,7/30/2021 23:00,TRUE,801MLC069,34.2481,-117.51276,San Bernardino,801,Middle Santa Ana,Open,TRUE
105,SMCR8_070,8828,SMCR8_070_06172006_BMI_RWB_1,6/17/2006,6,17,2006,BMI_RWB,1,NA,473,1,1,59.61945032,26.31578947,7.67563775,5,0.65141167,0.03,0.81429965,0.15,0.73285566,0.05,7/30/2021 23:00,Distinct set to NA,Yes,2,machine,SMC,7/30/2021 23:00,TRUE,802SNC070,33.77122,-116.7675,Riverside,802,San Jacinto,Open,TRUE
106,SMCR8_071,8829,SMCR8_071_06052008_BMI_RWB_1,6/5/2008,6,5,2008,BMI_RWB,1,NA,594,20,20,6.06060606,8.69565217,8.95654884,6,0.66990089,0.04,0.67113209,0.03,0.67051649,0.02,7/30/2021 23:00,Distinct set to NA,Yes,2,machine,SMC,7/30/2021 23:00,TRUE,801STC071,33.75347,-117.67887,Orange,801,Lower Santa Ana,Open,TRUE
107,SMCR8_074,8831,SMCR8_074_06252008_BMI_RWB_1,6/25/2008,6,25,2008,BMI_RWB,1,NA,612,20,20,0,0,6.56399889,5.15,0.7845827,0.13,0.6538928,0.03,0.71923775,0.04,7/30/2021 23:00,Distinct set to NA,Yes,2,machine,SMC,7/30/2021 23:00,TRUE,801MIC074,34.08167,-116.8887,San Bernardino,801,Upper Santa Ana,Open,TRUE
108,SMCR8_080,8833,SMCR8_080_06242008_BMI_RWB_1,6/24/2008,6,24,2008,BMI_RWB,1,NA,347,1,1,11.52737752,9.43396226,7.88973129,10,1.26747029,0.92,0.97027367,0.43,1.11887198,0.77,7/30/2021 23:00,Distinct set to NA,Yes,2,machine,SMC,7/30/2021 23:00,TRUE,801EBC080,34.1584,-116.88742,San Bernardino,801,Upper Santa Ana,Open,TRUE
109,SMCR8_105,8840,SMCR8_105_06022007_BMI_RWB_1,6/2/2007,6,2,2007,BMI_RWB,1,NA,497,1,1,31.38832998,27.27272727,5.18475399,5,0.96436591,0.43,0.82433817,0.16,0.89435204,0.25,7/30/2021 23:00,Distinct set to NA,Yes,2,machine,SMC,7/30/2021 23:00,TRUE,801NLC105,34.25265,-117.4925,San Bernardino,801,Middle Santa Ana,Open,TRUE
110,SMCR8_106,8841,SMCR8_106_06162007_BMI_RWB_1,6/16/2007,6,16,2007,BMI_RWB,1,NA,478,1,1,44.9790795,23.07692308,7.91236787,7,0.88469092,0.27,1.05368089,0.62,0.9691859,0.42,7/30/2021 23:00,Distinct set to NA,Yes,2,machine,SMC,7/30/2021 23:00,TRUE,801WBC106,34.15508,-116.88528,San Bernardino,801,Upper Santa Ana,Open,TRUE
111,SMCR8_142,8850,SMCR8_142_07082008_BMI_RWB_1,7/8/2008,7,8,2008,BMI_RWB,1,NA,548,20,20,2.55474453,24.13793103,8.34413394,6.45,0.77299814,0.12,0.665622,0.03,0.71931007,0.04,7/30/2021 23:00,Distinct set to NA,Yes,2,machine,SMC,7/30/2021 23:00,TRUE,801STC142,33.77361,-117.68839,Orange,801,Lower Santa Ana,Agricultural,TRUE
112,SMCR8_147,8851,SMCR8_147_05192007_BMI_RWB_1,5/19/2007,5,19,2007,BMI_RWB,1,NA,397,1,1,51.88916877,29.16666667,7.83862685,4,0.51029346,0.01,1.01070282,0.52,0.76049814,0.07,7/30/2021 23:00,Distinct set to NA,Yes,2,machine,SMC,7/30/2021 23:00,TRUE,802NJR147,33.79427,-116.74714,Riverside,802,San Jacinto,Open,TRUE
113,SMCR8_149,8852,SMCR8_149_07082008_BMI_RWB_1,7/8/2008,7,8,2008,BMI_RWB,1,NA,437,1,1,39.58810069,28.94736842,8.89162955,10,1.12465324,0.74,0.72547994,0.06,0.92506659,0.32,7/30/2021 23:00,Distinct set to NA,Yes,2,machine,SMC,7/30/2021 23:00,TRUE,801STC149,33.76593,-117.67927,Orange,801,Lower Santa Ana,Open,TRUE
114,SMCR8_151,8853,SMCR8_151_06102007_BMI_RWB_1,6/10/2007,6,10,2007,BMI_RWB,1,NA,526,20,20,13.49809886,40,11.27109881,5.65,0.50128209,0,0.68854221,0.04,0.59491215,0.01,7/30/2021 23:00,Distinct set to NA,Yes,2,machine,SMC,7/30/2021 23:00,TRUE,801SAR151,33.98873,-117.39614,Riverside,801,Middle Santa Ana,Urban,TRUE
115,SMCR8_153,8854,SMCR8_153_06162008_BMI_RWB_1,6/16/2008,6,16,2008,BMI_RWB,1,NA,585,20,1,35.38461538,22.22222222,8.91102109,7,0.78554409,0.13,0.46533193,0,0.62543801,0.01,7/30/2021 23:00,Distinct set to NA,Yes,2,machine,SMC,7/30/2021 23:00,TRUE,801TMC153,33.82397,-117.50602,Riverside,801,Middle Santa Ana,Open,TRUE
116,SMCR8_155,8855,SMCR8_155_06302008_BMI_RWB_1,6/30/2008,6,30,2008,BMI_RWB,1,NA,598,20,20,5.01672241,9.67741935,6.50412888,6.6,1.01474004,0.53,0.86655243,0.23,0.94064623,0.36,7/30/2021 23:00,Distinct set to NA,Yes,2,machine,SMC,7/30/2021 23:00,TRUE,802INC155,33.80703,-116.77699,Riverside,802,San Jacinto,Open,TRUE
117,SMCR8_160,8857,SMCR8_160_06072006_BMI_RWB_1,6/7/2006,6,7,2006,BMI_RWB,1,NA,510,20,1,47.45098039,27.77777778,7.03106328,5,0.71113,0.06,0.64336872,0.02,0.67724936,0.02,7/30/2021 23:00,Distinct set to NA,Yes,2,machine,SMC,7/30/2021 23:00,TRUE,802NJR160,33.73134,-116.8102,Riverside,802,San Jacinto,Open,TRUE
118,SMCR8_162,8858,SMCR8_162_06162008_BMI_RWB_1,6/16/2008,6,16,2008,BMI_RWB,1,NA,566,20,20,3.18021201,11.53846154,7.64482372,6.15,0.8044659,0.15,0.43419652,0,0.61933121,0.01,7/30/2021 23:00,Distinct set to NA,Yes,2,machine,SMC,7/30/2021 23:00,TRUE,801TMW162,33.73786,-117.4173,Riverside,801,Middle Santa Ana,Urban,TRUE
119,SMCR8_163,8859,SMCR8_163_05192007_BMI_RWB_1,5/19/2007,5,19,2007,BMI_RWB,1,NA,528,20,1,56.06060606,27.5862069,7.83945694,4,0.51023943,0.01,1.06591254,0.64,0.78807598,0.09,7/30/2021 23:00,Distinct set to NA,Yes,2,machine,SMC,7/30/2021 23:00,TRUE,802NJR163,33.79478,-116.74829,Riverside,802,San Jacinto,Open,TRUE
120,SMCR8_172,8865,SMCR8_172_06162006_BMI_RWB_1,6/16/2006,6,16,2006,BMI_RWB,1,NA,452,1,1,61.0619469,30.76923077,6.60256812,0,0,0,0.91824478,0.32,0.45912239,0,7/30/2021 23:00,Distinct set to NA,Yes,2,machine,SMC,7/30/2021 23:00,TRUE,802INC172,33.78651,-116.8323,Riverside,802,San Jacinto,Open,TRUE
121,SMCR8_203,8870,SMCR8_203_05292007_BMI_RWB_1,5/29/2007,5,29,2007,BMI_RWB,1,NA,493,1,1,27.99188641,21.42857143,9.17207673,7,0.76318594,0.11,1.13844989,0.78,0.95081791,0.38,7/30/2021 23:00,Distinct set to NA,Yes,2,machine,SMC,7/30/2021 23:00,TRUE,801HNC203,34.18658,-116.91801,San Bernardino,801,Upper Santa Ana,Open,TRUE
122,SMCR8_267,8879,SMCR8_267_06272006_BMI_RWB_1,6/27/2006,6,27,2006,BMI_RWB,1,NA,462,1,20,4.11255411,40,6.4440553,2.85,0.44226809,0,0.65959483,0.03,0.55093146,0,7/30/2021 23:00,Distinct set to NA,Yes,2,machine,SMC,7/30/2021 23:00,TRUE,802HYC267,33.67606,-116.67871,Riverside,802,San Jacinto,Open,TRUE
123,SMCR8_270,8880,SMCR8_270_06302008_BMI_RWB_1,6/30/2008,6,30,2008,BMI_RWB,1,NA,435,1,20,0.45977011,7.40740741,6.86285501,6.9,1.00541247,0.51,0.40702682,0,0.70621965,0.03,7/30/2021 23:00,Distinct set to NA,Yes,2,machine,SMC,7/30/2021 23:00,TRUE,802SWC270,33.72944,-116.74809,Riverside,802,San Jacinto,Open,TRUE
124,SMCR8_272,8882,SMCR8_272_06252008_BMI_RWB_1,6/25/2008,6,25,2008,BMI_RWB,1,NA,561,20,20,0.53475936,6.66666667,9.35740051,6.55,0.69998073,0.06,0.75229901,0.08,0.72613987,0.04,7/30/2021 23:00,Distinct set to NA,Yes,2,machine,SMC,7/30/2021 23:00,TRUE,801MIC272,34.08788,-116.91434,San Bernardino,801,Upper Santa Ana,Open,TRUE
125,SMCR8_346,8886,SMCR8_346_06022007_BMI_RWB_1,6/2/2007,6,2,2007,BMI_RWB,1,NA,523,20,1,26.95984704,18.18181818,6.39475909,4,0.62551223,0.02,0.915488,0.32,0.77050011,0.08,7/30/2021 23:00,Distinct set to NA,Yes,2,machine,SMC,7/30/2021 23:00,TRUE,801LYC346,34.23613,-117.49604,San Bernardino,801,Middle Santa Ana,Open,TRUE
126,SMCR8_362,8889,SMCR8_362_07172008_BMI_RWB_1,7/17/2008,7,17,2008,BMI_RWB,1,NA,558,20,20,0.89605735,11.53846154,6.40678714,4.95,0.77261815,0.12,0.97715135,0.45,0.87488475,0.22,7/30/2021 23:00,Distinct set to NA,Yes,2,machine,SMC,7/30/2021 23:00,TRUE,801PLC362,34.23904,-117.49896,San Bernardino,801,Middle Santa Ana,Open,TRUE
127,SMCR8_370,8890,SMCR8_370_06172007_BMI_RWB_1,6/17/2007,6,17,2007,BMI_RWB,1,NA,577,20,1,68.63084922,28.57142857,6.73549678,4,0.59386859,0.02,0.68283562,0.04,0.63835211,0.01,7/30/2021 23:00,Distinct set to NA,Yes,2,machine,SMC,7/30/2021 23:00,TRUE,801MIC370,34.10015,-117.02393,San Bernardino,801,Upper Santa Ana,Open,TRUE
128,SMCR8_375,8892,SMCR8_375_04192007_BMI_RWB_1,4/19/2007,4,19,2007,BMI_RWB,1,NA,507,20,1,31.36094675,15,8.62033819,6,0.69602838,0.06,1.22723238,0.9,0.96163038,0.41,7/30/2021 23:00,Distinct set to NA,Yes,2,machine,SMC,7/30/2021 23:00,TRUE,802SWC375,33.75657,-116.70164,Riverside,802,San Jacinto,Open,TRUE
129,SMCR8_419,8894,SMCR8_419_04192007_BMI_RWB_1,4/19/2007,4,19,2007,BMI_RWB,1,NA,552,20,20,14.67391304,18.18181818,7.08643153,4,0.56445899,0.01,1.02013249,0.54,0.79229574,0.1,7/30/2021 23:00,Distinct set to NA,Yes,2,machine,SMC,7/30/2021 23:00,TRUE,802SWC419,33.74266,-116.71364,Riverside,802,San Jacinto,Open,TRUE
130,SMCR8_446,8895,SMCR8_446_06092007_BMI_RWB_1,6/9/2007,6,9,2007,BMI_RWB,1,NA,436,1,1,50.68807339,30.3030303,6.53871309,5,0.76467646,0.11,1.24893691,0.92,1.00680669,0.52,7/30/2021 23:00,Distinct set to NA,Yes,2,machine,SMC,7/30/2021 23:00,TRUE,801WCC446,34.18543,-117.18567,San Bernardino,801,Upper Santa Ana,Open,TRUE
131,SMCR8_453,8897,SMCR8_453_04202007_BMI_RWB_1,4/20/2007,4,20,2007,BMI_RWB,1,NA,489,1,1,75.25562372,34.7826087,6.99589378,4,0.57176397,0.01,0.48118297,0,0.52647347,0,7/30/2021 23:00,Distinct set to NA,Yes,2,machine,SMC,7/30/2021 23:00,TRUE,802SJC453,33.73882,-116.82834,Riverside,802,San Jacinto,Open,TRUE
132,SMCR8_480,8901,SMCR8_480_07082008_BMI_RWB_1,7/8/2008,7,8,2008,BMI_RWB,1,NA,464,1,20,0,0,7.74353329,1,0.12914001,0,0.24667028,0,0.18790515,0,7/30/2021 23:00,Distinct set to NA,Yes,2,machine,SMC,7/30/2021 23:00,TRUE,845CTC480,33.80402,-118.08385,Los Angeles,405,San Gabriel,Urban,TRUE
133,SMCR8_496,8902,SMCR8_496_07012008_BMI_RWB_1,7/1/2008,7,1,2008,BMI_RWB,1,NA,427,1,20,3.04449649,18.42105263,6.43842709,8,1.2425395,0.9,0.49265368,0,0.86759659,0.2,7/30/2021 23:00,Distinct set to NA,Yes,2,machine,SMC,7/30/2021 23:00,TRUE,802HYC496,33.68738,-116.68416,Riverside,802,San Jacinto,Open,TRUE
134,SMCR8_528,8906,SMCR8_528_05252008_BMI_RWB_1,5/25/2008,5,25,2008,BMI_RWB,1,NA,540,20,20,1.85185185,21.05263158,7.84299563,4,0.51000921,0.01,0.62968817,0.02,0.56984869,0,7/30/2021 23:00,Distinct set to NA,Yes,2,machine,SMC,7/30/2021 23:00,TRUE,801SAR528,33.87273,-117.71305,Orange,801,Lower Santa Ana,Urban,TRUE
135,SMCR8_530,8907,SMCR8_530_05292007_BMI_RWB_1,5/29/2007,5,29,2007,BMI_RWB,1,NA,495,1,1,31.51515152,15.625,14.22948,8,0.5622131,0.01,0.9526149,0.4,0.757414,0.07,7/30/2021 23:00,Distinct set to NA,Yes,2,machine,SMC,7/30/2021 23:00,TRUE,801BNC530,34.17834,-116.90881,San Bernardino,801,Upper Santa Ana,Open,TRUE
136,SMCR8_543,8910,SMCR8_543_05192007_BMI_RWB_1,5/19/2007,5,19,2007,BMI_RWB,1,NA,482,1,1,65.76763485,22.72727273,10.42123556,5,0.47978956,0,0.88012565,0.25,0.6799576,0.02,7/30/2021 23:00,Distinct set to NA,Yes,2,machine,SMC,7/30/2021 23:00,TRUE,802NJR543,33.80281,-116.73208,Riverside,802,San Jacinto,Open,TRUE
137,SMCR8_587,8912,SMCR8_587_05182007_BMI_RWB_1,5/18/2007,5,18,2007,BMI_RWB,1,NA,494,1,1,66.80161943,23.07692308,6.89362001,4,0.58024666,0.01,0.86558511,0.23,0.72291588,0.04,7/30/2021 23:00,Distinct set to NA,Yes,2,machine,SMC,7/30/2021 23:00,TRUE,802SJR587,33.72206,-116.80423,Riverside,802,San Jacinto,Open,TRUE
138,SMCR8_635,8917,SMCR8_635_05202007_BMI_RWB_1,5/20/2007,5,20,2007,BMI_RWB,1,NA,550,20,1,27.45454545,35.71428571,6.53601169,1,0.1529985,0,0.76512553,0.09,0.45906202,0,7/30/2021 23:00,Distinct set to NA,Yes,2,machine,SMC,7/30/2021 23:00,TRUE,802INC635,33.80349,-116.78271,Riverside,802,San Jacinto,Open,TRUE
139,SMCR8_713,8921,SMCR8_713_06232006_BMI_RWB_1,6/23/2006,6,23,2006,BMI_RWB,1,NA,494,1,1,29.75708502,31.81818182,13.73289322,9,0.65536081,0.04,1.1040236,0.72,0.8796922,0.23,7/30/2021 23:00,Distinct set to NA,Yes,2,machine,SMC,7/30/2021 23:00,TRUE,801ICE713,34.24908,-117.63127,San Bernardino,801,Middle Santa Ana,Open,TRUE
